1.0,0.0310828877312
1.0,0.0641096981137
1.0,0.0809332956053
1.0,0.0993038088933
1.0,0.117175978401
1.0,0.136148335405
1.0,0.154725969133
1.0,0.173952891599
1.0,0.193029160339
1.0,0.212324451415
1.0,0.231855406865
1.0,0.251367003674
1.0,0.271198772093
1.0,0.291358281176
1.0,0.311929128906
1.0,0.332810049562
1.0,0.3541031258
1.0,0.375703425663
1.0,0.397889637782
1.0,0.420513250235
1.0,0.443543797287
1.0,0.467079922338
1.0,0.491246959005
1.0,0.516232017563
1.0,0.54174311701
1.0,0.567769934813
1.0,0.5942961961
1.0,0.621496564161
1.0,0.649393260567
1.0,0.677969513781
1.0,0.707679635282
1.0,0.73823822408
1.0,0.769664406659
1.0,0.802034056418
1.0,0.83539113468
1.0,0.76915845841
1.0,0.451924112282
1.0,0.450433084522
1.0,0.449002396534
1.0,0.447634189083
1.0,0.446329850237
1.0,0.445089632987
1.0,0.443913778799
1.0,0.442802328768
1.0,0.441753988999
1.0,0.44076083018
1.0,0.439820748334
1.0,0.438933517045
1.0,0.438099469383
1.0,0.437309228084
1.0,0.127066405498
1.0,-0.0780776706586
1.0,-0.0806447255884
1.0,-0.082300142398
1.0,-0.0830308689214
1.0,-0.0829362960058
1.0,-0.0821140131734
1.0,-0.080519552871
1.0,-0.0781405593543
1.0,-0.0750791537998
1.0,-0.071395587075
1.0,-0.0670860558809
1.0,-0.062144994399
1.0,-0.056657375834
1.0,-0.0505530569687
1.0,-0.0439916569314
1.0,-0.0369919162921
1.0,-0.0295615030123
1.0,-0.0218477479291
1.0,-0.013898718594
1.0,-0.00566646122006
1.0,0.00272284004999
1.0,0.0113365337192
1.0,0.0201752608438
1.0,0.0309515773322
1.0,0.0311254906687
1.0,0.0311256358046
1.0,0.0676925262002
1.0,0.0962813416583
1.0,0.127453729394
1.0,0.158676261792
1.0,0.19004530318
1.0,0.222291010742
1.0,0.254704335906
1.0,0.287579884553
1.0,0.321072811187
1.0,0.355563879281
1.0,0.390654316765
1.0,0.42671099394
1.0,0.463490449114
1.0,0.41910817381
1.0,0.173066107431
1.0,0.172298822474
1.0,0.171497719527
1.0,0.170663179804
1.0,0.16980326229
1.0,0.168925308361
1.0,0.168027874059
1.0,0.0483692509247
1.0,-0.0370627917182
1.0,-0.0349533177757
1.0,-0.0325155138953
1.0,-0.0297398482837
1.0,-0.0266473008467
1.0,-0.0232842739751
1.0,-0.0196608543043
1.0,-0.0157602647324
1.0,-0.0116569945968
1.0,-0.007369747366
1.0,-0.00292217849555
1.0,0.00169676849601
1.0,0.0064580948495
1.0,0.0113178721366
1.0,0.0163330230033
1.0,0.0214520773496
1.0,0.0265303842437
1.0,0.031506715113
1.0,0.0311361266491
1.0,0.0311361934298
1.0,0.0311363241671
1.0,0.0609558426285
1.0,0.0794615522495
1.0,0.100194488253
1.0,0.120774107423
1.0,0.141932918585
1.0,0.163578052165
1.0,0.185249602256
1.0,0.20724112026
1.0,0.229537053985
1.0,0.232503509531
1.0,0.0905506313562
1.0,0.0901605350243
1.0,0.0897760629485
1.0,0.0893971469109
1.0,0.0890233966832
1.0,-0.00435172520866
1.0,-0.017101887135
1.0,-0.0127056096522
1.0,-0.00814190963912
1.0,-0.00343672766062
1.0,0.00143895330496
1.0,0.00642088625258
1.0,0.0114905624255
1.0,0.0167350182489
1.0,0.0220321085459
1.0,0.0277293601472
1.0,0.031140639261
1.0,0.031140706061
1.0,0.0311408689129
1.0,0.0759181790006
1.0,0.0826559134404
1.0,0.109634095748
1.0,0.136695236838
1.0,0.163874649663
1.0,0.192153075458
1.0,0.220246489639
1.0,0.249033119072
1.0,0.277829001435
1.0,0.307703519818
1.0,0.338194535928
1.0,0.369470006127
1.0,0.40151506198
1.0,0.434564597086
1.0,0.468522653372
1.0,0.503434842376
1.0,0.539833430844
1.0,0.577710069413
1.0,0.616750084823
1.0,0.656901991172
1.0,0.698455729517
1.0,0.741478765981
1.0,0.786841552493
1.0,0.833916071946
1.0,0.882691285009
1.0,0.925115656009
1.0,0.925174613726
1.0,0.925233578959
1.0,0.925292551709
1.0,0.925351531977
1.0,0.925410519764
1.0,0.925447356763
1.0,0.577891316844
1.0,0.577609796385
1.0,0.577134792514
1.0,0.576461631155
1.0,0.575590683561
1.0,0.574535328251
1.0,0.573307507486
1.0,0.571907199177
1.0,0.570376530428
1.0,0.568808255376
1.0,0.567213995917
1.0,0.565594132356
1.0,0.563948340268
1.0,0.562311212463
1.0,0.560786244348
1.0,0.559393456325
1.0,0.558133274774
1.0,0.557007036284
1.0,0.556023628092
1.0,0.555186702924
1.0,0.554497028909
1.0,0.553954616092
1.0,0.553548498956
1.0,0.553203031126
1.0,0.55286691106
1.0,-0.00344718100531
1.0,-0.0481983201486
1.0,-0.0545995737196
1.0,-0.0602987213757
1.0,-0.065305019485
1.0,-0.0696339064868
1.0,-0.073297634524
1.0,-0.0762849931042
1.0,-0.0785774731238
1.0,-0.0802303376505
1.0,-0.081210499015
1.0,-0.0815637065596
1.0,-0.0813413736968
1.0,-0.0806118309207
1.0,-0.0793391095279
1.0,-0.0775113314328
1.0,-0.0751706550464
1.0,-0.0723808667156
1.0,-0.0691556261061
1.0,-0.0655004568634
1.0,-0.0614082406261
1.0,-0.0569309008618
1.0,-0.0520609806607
1.0,-0.0468065263152
1.0,-0.0412632124771
1.0,-0.0354284091798
1.0,-0.0292948310367
1.0,-0.0229769817064
1.0,-0.0164994025896
1.0,-0.00989982682461
1.0,-0.00309852115651
1.0,0.00374744204954
1.0,0.0106631162937
1.0,0.0178277322678
1.0,0.0247896000979
1.0,0.0314523752522
1.0,0.0312043946942
1.0,0.0312045384317
1.0,0.0668707770739
1.0,0.100246390857
1.0,0.135752351985
1.0,0.171896879734
1.0,0.209341032702
1.0,0.246907705498
1.0,0.285735228458
1.0,0.325284399814
1.0,0.366555957087
1.0,0.408865680247
1.0,0.452568050808
1.0,0.497430051114
1.0,0.543586452494
1.0,0.591060078971
1.0,0.641265797925
1.0,0.693103734749
1.0,0.746339351631
1.0,0.801425300757
1.0,0.858816007592
1.0,0.919409403196
1.0,0.926905532928
1.0,0.926964719012
1.0,0.927023912654
1.0,0.927083113857
1.0,0.927142322622
1.0,0.927201538951
1.0,0.927240435155
1.0,0.609018382342
1.0,0.609958020851
1.0,0.610422876569
1.0,0.610412058034
1.0,0.60992576016
1.0,0.608964159526
1.0,0.607526861985
1.0,0.605613731585
1.0,0.603224890813
1.0,0.600359615427
1.0,0.597018269053
1.0,0.593200386255
1.0,0.589331521693
1.0,0.585326484193
1.0,0.580907483187
1.0,0.576070296145
1.0,0.570811247984
1.0,0.565124858846
1.0,0.559006413364
1.0,0.552449830284
1.0,0.54545337977
1.0,0.53812068891
1.0,0.530570201763
1.0,0.522834745988
1.0,0.515102796813
1.0,0.507453055304
1.0,0.499869914955
1.0,-0.0178448858591
1.0,-0.128482546817
1.0,-0.135607886617
1.0,-0.141596735486
1.0,-0.146461932834
1.0,-0.150227492721
1.0,-0.152870065757
1.0,-0.154269014072
1.0,-0.15460630167
1.0,-0.153716085074
1.0,-0.151810409288
1.0,-0.149116670714
1.0,-0.145544842082
1.0,-0.140997859575
1.0,-0.13557514791
1.0,-0.12945812028
1.0,-0.122570218115
1.0,-0.11487998273
1.0,-0.106453495639
1.0,-0.097225632719
1.0,-0.0872833553726
1.0,-0.0768078350937
1.0,-0.0655934737642
1.0,-0.0539774655686
1.0,-0.0420227916015
1.0,-0.0297172224941
1.0,-0.0170161767469
1.0,-0.00415389954572
1.0,0.00948302439053
1.0,0.0239255369384
1.0,0.0312649488376
1.0,0.031265016172
1.0,0.0312651789284
1.0,0.0755719403365
1.0,0.0698684274257
1.0,0.0897559624524
1.0,0.109895979821
1.0,0.130529573493
1.0,0.151122432368
1.0,0.172116190659
1.0,0.193273396287
1.0,0.214649957632
1.0,0.236487514661
1.0,0.259289201599
1.0,0.282786714111
1.0,0.307155452757
1.0,0.332822647562
1.0,0.359520164538
1.0,0.387536495486
1.0,0.417030542055
1.0,0.447804037861
1.0,0.479892931572
1.0,0.513650255595
1.0,0.549186544089
1.0,0.586541016321
1.0,0.625692139816
1.0,0.666933319185
1.0,0.710807364141
1.0,0.756961750266
1.0,0.805953639946
1.0,0.857628883008
1.0,0.753121636123
1.0,0.264333302496
1.0,0.271898662047
1.0,0.280617062612
1.0,0.290461223495
1.0,0.301256772692
1.0,0.31280768138
1.0,0.32508426314
1.0,0.338065417678
1.0,0.351729662999
1.0,0.366054464226
1.0,0.381016333205
1.0,0.396591406867
1.0,0.412751272584
1.0,0.429152377818
1.0,0.445255654983
1.0,0.461006210979
1.0,0.476203140184
1.0,0.0237077007728
1.0,0.000601898546169
1.0,-0.00145663433267
1.0,-0.00328256871998
1.0,-0.00488350913108
1.0,-0.00626433775211
1.0,-0.00742438326981
1.0,-0.00837709258942
1.0,-0.00912680584035
1.0,-0.00967473455146
1.0,-0.0100333543622
1.0,-0.0102222909883
1.0,-0.0102686578818
1.0,-0.0101735472491
1.0,-0.0099375614053
1.0,-0.00956291723863
1.0,-0.00905409567849
1.0,-0.00841861528649
1.0,-0.00766636174139
1.0,-0.00679510023708
1.0,-0.00581033707463
1.0,-0.0047137632023
1.0,-0.00350959316256
1.0,-0.00220594031738
1.0,-0.00079926693481
1.0,0.000704097713144
1.0,0.00229228236252
1.0,0.00396106445038
1.0,0.0057144524937
1.0,0.00754155223701
1.0,0.00942884221093
1.0,0.011367854745
1.0,0.0133554200918
1.0,0.0153926675011
1.0,0.017485099327
1.0,0.0196140391014
1.0,0.0217857015366
1.0,0.0240262467194
1.0,0.0262969169584
1.0,0.0285759019457
1.0,0.0335240392264
1.0,0.0313034080991
1.0,0.0313034755993
1.0,0.0313036969289
1.0,0.102643290926
1.0,0.147924841473
1.0,0.194410801306
1.0,0.240871891463
1.0,0.287926764195
1.0,0.335698474798
1.0,0.383661670434
1.0,0.432883556916
1.0,0.482955226897
1.0,0.534049937865
1.0,0.586506752558
1.0,0.639685307118
1.0,0.693458494235
1.0,0.749237933902
1.0,0.806528888125
1.0,0.865141839632
1.0,0.925606949109
1.0,0.929807195245
1.0,0.929866752483
1.0,0.929919324053
1.0,0.820772572152
1.0,0.452366702403
1.0,0.44525644112
1.0,0.437784084289
1.0,0.43001460894
1.0,0.422088647246
1.0,0.414021070495
1.0,0.405809401521
1.0,0.397466581945
1.0,0.389046818083
1.0,0.380552054354
1.0,0.00318774787917
1.0,-0.141941448653
1.0,-0.144203655677
1.0,-0.145149655619
1.0,-0.144699123988
1.0,-0.143091419957
1.0,-0.140473904029
1.0,-0.136695549366
1.0,-0.131762475601
1.0,-0.12589305936
1.0,-0.1190854811
1.0,-0.111294436849
1.0,-0.102584468097
1.0,-0.0928787631976
1.0,-0.0823388465914
1.0,-0.071073994289
1.0,-0.0590253610423
1.0,-0.0465193380416
1.0,-0.033638674377
1.0,-0.0201955725204
1.0,-0.00653043719138
1.0,0.00783220064482
1.0,0.0234380929134
1.0,0.0313343066425
1.0,0.031334374276
1.0,0.0313344419098
1.0,0.0313346300882
1.0,0.0871824813243
1.0,0.0829116729714
1.0,0.109626963639
1.0,0.136705067896
1.0,0.164043669956
1.0,0.191475413159
1.0,0.21927071392
1.0,0.247116182249
1.0,0.2756263333
1.0,0.304910980132
1.0,0.335036542978
1.0,0.366040302304
1.0,0.398342780294
1.0,0.431739924294
1.0,0.466516908726
1.0,0.50315806004
1.0,0.541167398441
1.0,0.580640902309
1.0,0.622010885454
1.0,0.665338030611
1.0,0.711076811058
1.0,0.759112509672
1.0,0.809821471158
1.0,0.863112518613
1.0,0.91939631712
1.0,0.930879859216
1.0,0.930939553953
1.0,0.930999256347
1.0,0.931058966398
1.0,0.931118684109
1.0,0.931178409482
1.0,0.931238142516
1.0,0.931297883215
1.0,0.931340040361
1.0,0.657175912874
1.0,0.667735650165
1.0,0.679587310081
1.0,0.69337611989
1.0,0.710476674822
1.0,0.729020982276
1.0,0.747508157706
1.0,0.765053660944
1.0,0.781561332218
1.0,0.796511878587
1.0,0.809711954134
1.0,0.821163383213
1.0,0.830867366379
1.0,0.838825126897
1.0,0.845037914459
1.0,0.849553780092
1.0,0.852909844657
1.0,0.855442443864
1.0,0.857157384955
1.0,0.858087841081
1.0,0.858735697236
1.0,0.859491346851
1.0,0.860365125865
1.0,0.861357375592
1.0,0.862468113663
1.0,0.863696711644
1.0,0.865043829415
1.0,0.866507213488
1.0,0.867915308647
1.0,0.868974981282
1.0,0.86965748053
1.0,0.869962093878
1.0,0.869889384945
1.0,0.86938693874
1.0,-0.00508376193384
1.0,-0.0296268003254
1.0,-0.0413450752886
1.0,-0.0520323248779
1.0,-0.0617124204271
1.0,-0.0703991360639
1.0,-0.0780757491584
1.0,-0.0847570082602
1.0,-0.0904638472428
1.0,-0.0952121832233
1.0,-0.0990237071875
1.0,-0.101866678851
1.0,-0.103741929032
1.0,-0.104708774215
1.0,-0.104723209138
1.0,-0.103900784212
1.0,-0.102391217603
1.0,-0.100112255598
1.0,-0.0970309018057
1.0,-0.0932438582323
1.0,-0.0888567263854
1.0,-0.0838358653366
1.0,-0.0781775153082
1.0,-0.0719439124146
1.0,-0.0651030030621
1.0,-0.0577319179625
1.0,-0.0499473173786
1.0,-0.0416462599334
1.0,-0.0330336880762
1.0,-0.0241474797955
1.0,-0.0150213727955
1.0,-0.00562187135213
1.0,0.00385633266613
1.0,0.0137003649674
1.0,0.0233677174993
1.0,0.0314459002033
1.0,0.0314313518781
1.0,0.0314314795788
1.0,0.0589809088438
1.0,0.0658340397069
1.0,0.0835640605975
1.0,0.101512885054
1.0,0.120045972499
1.0,0.138812687738
1.0,0.158199648151
1.0,0.177659128842
1.0,0.197583392371
1.0,0.217824261605
1.0,0.238286380125
1.0,0.259399850818
1.0,0.281058076692
1.0,0.303380831316
1.0,0.326372299369
1.0,0.349946002265
1.0,0.374450512103
1.0,0.399725610739
1.0,0.425737297027
1.0,0.452628195257
1.0,0.480624714777
1.0,0.509652733042
1.0,0.539503672646
1.0,0.570265436376
1.0,0.602045879214
1.0,0.63490277851
1.0,0.415313831341
1.0,0.287757496636
1.0,0.290738470925
1.0,0.293568156352
1.0,0.29624769218
1.0,0.29877814368
1.0,0.301161017725
1.0,0.303397060396
1.0,0.305487461165
1.0,0.307433166964
1.0,0.309227543581
1.0,-0.0497339512888
1.0,-0.12247544089
1.0,-0.118149679903
1.0,-0.112749442451
1.0,-0.106470846613
1.0,-0.0994001815732
1.0,-0.091498730382
1.0,-0.0828140235278
1.0,-0.0733336446799
1.0,-0.0631958713291
1.0,-0.052486052956
1.0,-0.0412493156492
1.0,-0.029719728008
1.0,-0.0179308353183
1.0,-0.00586633133479
1.0,0.00636651595204
1.0,0.0189825529646
1.0,0.0324189189182
1.0,0.0314541595248
1.0,0.0314542276767
1.0,0.0314544011833
1.0,0.0800791349612
1.0,0.115326943489
1.0,0.152678756433
1.0,0.189336349845
1.0,0.228194315166
1.0,0.266435071677
1.0,0.305762030443
1.0,0.345409108062
1.0,0.386574548294
1.0,0.428234400061
1.0,0.471020052884
1.0,0.514577278376
1.0,0.559182489044
1.0,0.604520106109
1.0,0.651669195981
1.0,0.700412426123
1.0,0.750301218354
1.0,0.80145326977
1.0,0.854102581632
1.0,0.909314910365
1.0,0.93434383665
1.0,0.934370061879
1.0,0.407477563066
1.0,0.403316034016
1.0,0.398744700147
1.0,0.393758306155
1.0,0.388351087919
1.0,0.382527597632
1.0,0.376392400292
1.0,0.370007378263
1.0,0.36336896915
1.0,0.356472818677
1.0,0.349309928427
1.0,0.00547378781555
1.0,-0.118909052482
1.0,-0.120854318291
1.0,-0.121631081059
1.0,-0.121395661243
1.0,-0.120310257132
1.0,-0.118312765198
1.0,-0.11534193594
1.0,-0.111481835242
1.0,-0.106881638782
1.0,-0.101493620184
1.0,-0.0953050224327
1.0,-0.0883784893325
1.0,-0.0806674449168
1.0,-0.0722502746954
1.0,-0.0632830276471
1.0,-0.0536197489173
1.0,-0.0435399392617
1.0,-0.0331096256766
1.0,-0.0223368013332
1.0,-0.0111980897483
1.0,0.000102864248411
1.0,0.0120332682162
1.0,0.0248366122135
1.0,0.0314840496393
1.0,0.0314841179208
1.0,0.0314842536461
1.0,0.0625822298777
1.0,0.0901474348144
1.0,0.12015830033
1.0,0.150970029906
1.0,0.182260251457
1.0,0.213553306652
1.0,0.245587201622
1.0,0.277789018411
1.0,0.31106024926
1.0,0.34524106337
1.0,0.380477032694
1.0,0.416857880664
1.0,0.454531424966
1.0,0.49348266307
1.0,0.534417275804
1.0,0.577108258356
1.0,0.621338327812
1.0,0.667386846687
1.0,0.71539182623
1.0,0.766427224742
1.0,0.819943506585
1.0,0.876146989147
1.0,0.935009131522
1.0,0.93529261229
1.0,0.935352874341
1.0,0.935407314428
1.0,0.844957532198
1.0,0.417329376446
1.0,0.422647664132
1.0,0.428903997473
1.0,0.435989984483
1.0,0.443700570676
1.0,0.452002156325
1.0,0.46088320902
1.0,0.470324643492
1.0,0.480013946617
1.0,0.489526918214
1.0,0.498836611937
1.0,0.507945794027
1.0,0.516858310707
1.0,0.525501071596
1.0,0.165174910851
1.0,-0.0462096562988
1.0,-0.0506665888797
1.0,-0.0545467816186
1.0,-0.0578645361233
1.0,-0.0606294812305
1.0,-0.0628458743047
1.0,-0.0644901379649
1.0,-0.0656230893404
1.0,-0.0662273297606
1.0,-0.0663271597539
1.0,-0.0659611606879
1.0,-0.0651910939185
1.0,-0.0639823693557
1.0,-0.0623281176968
1.0,-0.0602555463442
1.0,-0.057813952865
1.0,-0.0550124151334
1.0,-0.051854781324
1.0,-0.0483321792812
1.0,-0.0444852296984
1.0,-0.0403009403648
1.0,-0.0357931466039
1.0,-0.0310282170561
1.0,-0.0259951531421
1.0,-0.0207025755113
1.0,-0.0152285937006
1.0,-0.00959194085104
1.0,-0.00381054444733
1.0,0.00216596960083
1.0,0.00822344500874
1.0,0.0144380153657
1.0,0.0208065764479
1.0,0.0279187885364
1.0,0.0315256599135
1.0,0.0315257196716
1.0,0.0315257962076
1.0,0.040377140353
1.0,0.0787887501472
1.0,0.106529781849
1.0,0.134850007995
1.0,0.163365364997
1.0,0.192784765194
1.0,0.22202681719
1.0,0.251805607382
1.0,0.281603987491
1.0,0.312166909992
1.0,0.343321955588
1.0,0.375075356578
1.0,0.407567234448
1.0,0.440794271621
1.0,0.4748600341
1.0,0.509697883545
1.0,0.545661664994
1.0,0.583184936621
1.0,0.621718791148
1.0,0.661198850646
1.0,0.701857783206
1.0,0.743732468361
1.0,0.566080234201
1.0,0.285340782751
1.0,0.282573876989
1.0,0.279839921129
1.0,0.277139412814
1.0,0.274472660065
1.0,0.2718399683
1.0,0.269241450094
1.0,0.266677594615
1.0,0.264148507886
1.0,0.261654674344
1.0,0.259196385264
1.0,0.256773928846
1.0,0.254387397127
1.0,0.25203484039
1.0,0.0770174341921
1.0,-0.0183923331044
1.0,-0.0203797535477
1.0,-0.0221171755147
1.0,-0.0236145443536
1.0,-0.0248684983667
1.0,-0.025885477898
1.0,-0.0266646807657
1.0,-0.0272126402584
1.0,-0.0275386375243
1.0,-0.0276506616305
1.0,-0.0275592053326
1.0,-0.0272632841979
1.0,-0.0267690792863
1.0,-0.0260803694544
1.0,-0.0251969822691
1.0,-0.0241332638207
1.0,-0.0228956593251
1.0,-0.0214800527118
1.0,-0.0198856139481
1.0,-0.018138440506
1.0,-0.0162454567424
1.0,-0.0142141269832
1.0,-0.0120293658746
1.0,-0.00971210115296
1.0,-0.00728141443142
1.0,-0.0047446127594
1.0,-0.00210894606969
1.0,0.000616453603977
1.0,0.00342384830888
1.0,0.00634508112778
1.0,0.0093231581911
1.0,0.0123599057749
1.0,0.015449339428
1.0,0.0186648817899
1.0,0.0219035986383
1.0,0.0251645382054
1.0,0.028354302687
1.0,0.0315364584379
1.0,0.0315489999358
1.0,0.0315490913399
1.0,0.0481853097693
1.0,0.0689931458885
1.0,0.0909875115046
1.0,0.113089504712
1.0,0.136191043792
1.0,0.159682660161
1.0,0.183281299136
1.0,0.207383603413
1.0,0.2317220267
1.0,0.256517710776
1.0,0.281982875354
1.0,0.308234307406
1.0,0.106624554862
1.0,0.0629241998895
1.0,0.0625723890353
1.0,0.0622366314782
1.0,0.0619168382559
1.0,0.030336074023
1.0,-0.0887994352683
1.0,-0.0788516408604
1.0,-0.0684769200911
1.0,-0.057495040932
1.0,-0.0462360702528
1.0,-0.0347554227736
1.0,-0.0230219914856
1.0,-0.0110779012087
1.0,0.00091875880941
1.0,0.0134991920163
1.0,0.0273682050127
1.0,0.031553114653
1.0,0.0315531745152
1.0,0.0315532343776
1.0,0.031553368052
1.0,0.0704595486267
1.0,0.100191837092
1.0,0.130349172201
1.0,0.160927421093
1.0,0.192615669736
1.0,0.224440688911
1.0,0.256882594346
1.0,0.28989160326
1.0,0.323985662882
1.0,0.326848470507
1.0,0.0605226568379
1.0,0.0603718398738
1.0,0.0602300857407
1.0,0.0600974009332
1.0,0.0599732583371
1.0,-0.0543376488834
1.0,-0.087489506538
1.0,-0.0768469526257
1.0,-0.0656784673779
1.0,-0.0540519367179
1.0,-0.0421807658835
1.0,-0.0301317272118
1.0,-0.0177243502645
1.0,-0.00526511109549
1.0,0.00761817475439
1.0,0.0204333997399
1.0,0.0315443075828
1.0,0.0315571556306
1.0,0.0315572155081
1.0,0.0315573592538
1.0,0.0757585825162
1.0,0.106421232729
1.0,0.137706133005
1.0,0.169482698039
1.0,0.202184704171
1.0,0.235304311413
1.0,0.26887958005
1.0,0.303406980738
1.0,0.338975036713
1.0,0.375627857449
1.0,0.413373229768
1.0,0.452455550526
1.0,0.338522661382
1.0,0.0895368359187
1.0,0.0895684314666
1.0,0.0896166494759
1.0,0.0896811822014
1.0,0.0897621783624
1.0,0.0898585355222
1.0,-0.0849545621705
1.0,-0.131690824808
1.0,-0.120988171187
1.0,-0.10955641169
1.0,-0.0971925205627
1.0,-0.0843111283077
1.0,-0.0707532991274
1.0,-0.0567933141123
1.0,-0.0425988016683
1.0,-0.0281164627117
1.0,-0.0134422643575
1.0,0.00151744476468
1.0,0.0168186036075
1.0,0.0314576864203
1.0,0.0315633420338
1.0,0.0315634826822
1.0,0.0741117012728
1.0,0.0860187525444
1.0,0.117292004083
1.0,0.148950905736
1.0,0.181304609674
1.0,0.214099666459
1.0,0.247686127667
1.0,0.281556702307
1.0,0.316755141686
1.0,0.352910477545
1.0,0.390256835423
1.0,0.428734288082
1.0,0.468538357374
1.0,0.509586575227
1.0,0.203478444866
1.0,0.106067559487
1.0,0.106513111836
1.0,0.106979724446
1.0,0.107467681314
1.0,0.107976624327
1.0,0.108506053855
1.0,0.0140009894799
1.0,-0.116074508693
1.0,-0.109395244668
1.0,-0.102089983792
1.0,-0.0941816376189
1.0,-0.0857116891015
1.0,-0.0766285741741
1.0,-0.0671556697128
1.0,-0.0572104559735
1.0,-0.0469151508971
1.0,-0.0364115738295
1.0,-0.0257573935903
1.0,-0.0148061194391
1.0,-0.0038101158184
1.0,0.00747387866266
1.0,0.018862560898
1.0,0.0313171622004
1.0,0.0315708644942
1.0,0.0315709244238
1.0,0.0315709963347
1.0,0.0378828142701
1.0,0.0657581178624
1.0,0.0873042256254
1.0,0.108676785865
1.0,0.131439891828
1.0,0.154389523184
1.0,0.177592994919
1.0,0.201334170386
1.0,0.225451335646
1.0,0.249948083042
1.0,0.27514983343
1.0,0.301266741259
1.0,0.328138348201
1.0,0.355760456711
1.0,0.384581250341
1.0,0.414338442291
1.0,0.445126169681
1.0,0.477199279668
1.0,0.510692068974
1.0,0.485590622867
1.0,0.159034740996
1.0,0.161094811765
1.0,0.163319351776
1.0,0.165707108549
1.0,0.168256742584
1.0,0.170966829239
1.0,0.173835860705
1.0,0.176862248087
1.0,0.180044323574
1.0,0.18337837451
1.0,0.0235855678405
1.0,-0.0589455381749
1.0,-0.0570059392187
1.0,-0.0547497920403
1.0,-0.0522006424595
1.0,-0.0493600163944
1.0,-0.0462395694648
1.0,-0.0428503821474
1.0,-0.0392286187183
1.0,-0.035359685116
1.0,-0.0312758162755
1.0,-0.0270266152523
1.0,-0.0226265778644
1.0,-0.018050478943
1.0,-0.013382285381
1.0,-0.00864179226738
1.0,-0.00385149031983
1.0,0.000982475263268
1.0,0.00586692222085
1.0,0.0107267558097
1.0,0.0155566965535
1.0,0.0204898553479
1.0,0.025269939044
1.0,0.0314157788439
1.0,0.0315837520039
1.0,0.0315838119824
1.0,0.0315839437751
1.0,0.0694004185244
1.0,0.0918428804015
1.0,0.125853166964
1.0,0.160096249957
1.0,0.194566177584
1.0,0.230502129084
1.0,0.266714928962
1.0,0.303658983857
1.0,0.341670414696
1.0,0.361532009144
1.0,0.129720077625
1.0,0.131439538236
1.0,0.133131358507
1.0,0.134795968783
1.0,0.136432081486
1.0,-0.0353711419765
1.0,-0.0369656697955
1.0,-0.0302457287232
1.0,-0.0232462263994
1.0,-0.0160633809874
1.0,-0.00874316352421
1.0,-0.00123613141528
1.0,0.00632443345529
1.0,0.0140152368119
1.0,0.0217879317102
1.0,0.0314559077286
1.0,0.0315891224779
1.0,0.0315891824767
1.0,0.0315892424758
1.0,0.0315893416728
1.0,0.0522268367105
1.0,0.0628689698203
1.0,0.0783985875768
1.0,0.094290000056
1.0,0.11004334946
1.0,0.126995025523
1.0,0.143827386195
1.0,0.161407124105
1.0,0.179076982402
1.0,0.197060986648
1.0,0.2154879129
1.0,0.234167171558
1.0,0.25303125482
1.0,0.272393316634
1.0,0.292183742625
1.0,0.312473237432
1.0,0.333144126092
1.0,0.354348191095
1.0,0.375930162703
1.0,0.398006402227
1.0,0.420625597099
1.0,0.443699708335
1.0,0.467202463891
1.0,0.49121411521
1.0,0.515843830618
1.0,0.541274335439
1.0,0.567222107947
1.0,0.593640249921
1.0,0.620544127006
1.0,0.647934270076
1.0,0.67593185978
1.0,0.704477700479
1.0,0.733621746231
1.0,0.763923084315
1.0,0.794891248865
1.0,0.826570897645
1.0,0.858977822428
1.0,0.892103657869
1.0,0.925886334083
1.0,0.938681612793
1.0,0.93873459479
1.0,0.938787582769
1.0,0.938832870533
1.0,0.80234972456
1.0,0.66463885251
1.0,0.663309738354
1.0,0.66149219165
1.0,0.659260034383
1.0,0.657226663609
1.0,0.655696775353
1.0,0.654672971007
1.0,0.654155352486
1.0,0.654144010902
1.0,0.654638777823
1.0,0.655639972171
1.0,0.657147404698
1.0,0.659161373828
1.0,0.661681918974
1.0,0.664708820591
1.0,0.668240599496
1.0,0.672150543517
1.0,0.676226353662
1.0,0.363241637345
1.0,0.0795588057667
1.0,0.0697160387533
1.0,0.0606095430374
1.0,0.0522217680433
1.0,0.0445336067232
1.0,0.0375268899323
1.0,0.0313688558467
1.0,0.0279317356905
1.0,0.0248623375077
1.0,0.0221465721689
1.0,0.0197722341813
1.0,0.0177287755155
1.0,0.0160030830108
1.0,0.0145832617489
1.0,0.0134550511572
1.0,0.0125954837095
1.0,0.0119845339284
1.0,0.0116107703824
1.0,0.0114656113694
1.0,0.0115352252195
1.0,0.0118091234727
1.0,0.0122797424437
1.0,0.0129295859749
1.0,0.0137458729972
1.0,0.0147160729798
1.0,0.015822604755
1.0,0.0170526498324
1.0,0.0183960139128
1.0,0.0198421582002
1.0,0.0213889660265
1.0,0.02301561137
1.0,0.0247158515787
1.0,0.0264963513413
1.0,0.0283255412343
1.0,0.0309194364746
1.0,0.0316548226045
1.0,0.0316548828533
1.0,0.0316550833514
1.0,0.10534318524
1.0,0.155049199547
1.0,0.205384237085
1.0,0.255078739449
1.0,0.306383102846
1.0,0.357635062103
1.0,0.410129073876
1.0,0.462517475098
1.0,0.516575546244
1.0,0.571882079924
1.0,0.628543133044
1.0,0.686825703622
1.0,0.744535471072
1.0,0.803697737595
1.0,0.864708076201
1.0,0.926973034741
1.0,0.940138611737
1.0,0.94016478766
1.0,0.463078816319
1.0,0.459037658783
1.0,0.454732664713
1.0,0.450163428689
1.0,0.445330333143
1.0,0.440233369242
1.0,0.434872136973
1.0,0.429246843339
1.0,0.423955790716
1.0,0.418854070328
1.0,-0.0120928406187
1.0,-0.0394231611654
1.0,-0.0418812789095
1.0,-0.0436054289927
1.0,-0.0445960455431
1.0,-0.0448757975147
1.0,-0.0444974235901
1.0,-0.0434798491749
1.0,-0.0418334295517
1.0,-0.0395666925268
1.0,-0.0367279358193
1.0,-0.0332743637224
1.0,-0.0293090483902
1.0,-0.0248530025093
1.0,-0.0198903510797
1.0,-0.0145341623719
1.0,-0.00881964205443
1.0,-0.0027597409081
1.0,0.0036382049046
1.0,0.0102788168863
1.0,0.0173276029516
1.0,0.0244857966955
1.0,0.0328940710248
1.0,0.0316813236489
1.0,0.0316814745053
1.0,0.079194625692
1.0,0.0924501806899
1.0,0.124336808309
1.0,0.155637431415
1.0,0.186529531312
1.0,0.218311951238
1.0,0.249724429934
1.0,0.28140105461
1.0,0.313202274106
1.0,0.345784320636
1.0,0.378747268363
1.0,0.412453516402
1.0,0.44675099305
1.0,0.481860599709
1.0,0.517742228279
1.0,0.554790430457
1.0,0.593542648074
1.0,0.633407411716
1.0,0.674321547568
1.0,0.716606147805
1.0,0.760419941641
1.0,0.806842090255
1.0,0.855135598744
1.0,0.905337566341
1.0,0.941081469454
1.0,0.941134722715
1.0,0.941187982004
1.0,0.941241247321
1.0,0.941294518667
1.0,0.941347796043
1.0,0.941401079451
1.0,0.941454368892
1.0,0.941507664365
1.0,0.941560965873
1.0,0.941602938046
1.0,0.741421588455
1.0,0.743287747732
1.0,0.746308361678
1.0,0.750486522622
1.0,0.756093676254
1.0,0.763604507268
1.0,0.77306642129
1.0,0.784478454749
1.0,0.797838356922
1.0,0.813144815934
1.0,0.830394911925
1.0,0.849474582372
1.0,0.868775749309
1.0,0.887096186138
1.0,0.904408526657
1.0,0.920713861741
1.0,0.935963534656
1.0,0.0623811089569
1.0,0.0263101768564
1.0,0.0171992666108
1.0,0.00878417987535
1.0,0.00101591125594
1.0,-0.00611688135591
1.0,-0.0126221199248
1.0,-0.0185084756123
1.0,-0.0237843405016
1.0,-0.0284590429782
1.0,-0.0325407127933
1.0,-0.0360032782583
1.0,-0.0388600600071
1.0,-0.0411116729193
1.0,-0.0427659978577
1.0,-0.0438593616333
1.0,-0.0444175776048
1.0,-0.0444036395785
1.0,-0.0438121354971
1.0,-0.0426888886825
1.0,-0.0410836429709
1.0,-0.0389956672814
1.0,-0.0364377475229
1.0,-0.033435636471
1.0,-0.0300081655103
1.0,-0.0261591851115
1.0,-0.0219645006315
1.0,-0.0174184191003
1.0,-0.0125595621633
1.0,-0.00745466389034
1.0,-0.00213608981465
1.0,0.00340948822334
1.0,0.00911604344012
1.0,0.0149512701557
1.0,0.0210637929238
1.0,0.0279827111399
1.0,0.0317470945272
1.0,0.0317471551276
1.0,0.0317472157283
1.0,0.0317473539223
1.0,0.0723967203364
1.0,0.0952120248164
1.0,0.120274931033
1.0,0.145170933266
1.0,0.169807544568
1.0,0.195772158245
1.0,0.22139106864
1.0,0.247277976819
1.0,0.273393972133
1.0,0.299556839851
1.0,0.326558337534
1.0,0.353867872906
1.0,0.381578951887
1.0,0.40982146322
1.0,0.438491222597
1.0,0.467723829509
1.0,0.497441372037
1.0,0.527683707396
1.0,0.558832019399
1.0,0.591019499789
1.0,0.623850404825
1.0,0.657287796895
1.0,0.691386538854
1.0,0.72626801948
1.0,0.76202561767
1.0,0.799467147019
1.0,0.603665914749
1.0,0.378440587291
1.0,0.373725283341
1.0,0.368886034024
1.0,0.363934659671
1.0,0.358869471471
1.0,0.353689099712
1.0,0.348391761998
1.0,0.342975810227
1.0,0.337439734141
1.0,0.331781600821
1.0,0.325993329113
1.0,-0.0100187563339
1.0,-0.123884861432
1.0,-0.123430819012
1.0,-0.122042271764
1.0,-0.119651797125
1.0,-0.116181945341
1.0,-0.111770719075
1.0,-0.106531620303
1.0,-0.100427122561
1.0,-0.0934191872981
1.0,-0.0856314554692
1.0,-0.0769102006698
1.0,-0.0675477120507
1.0,-0.0574619411736
1.0,-0.0467884665446
1.0,-0.0356908756836
1.0,-0.0242107023309
1.0,-0.0122418991226
1.0,-6.67041295418e-05
1.0,0.0128321268018
1.0,0.0274983254699
1.0,0.0317735892063
1.0,0.031773649908
1.0,0.0317737106099
1.0,0.031773813928
1.0,0.0540807858422
1.0,0.0682269928489
1.0,0.0839275620309
1.0,0.0992684287279
1.0,0.115678475296
1.0,0.1319304536
1.0,0.148068308883
1.0,0.164392963308
1.0,0.180849654015
1.0,0.197311919591
1.0,0.213889150613
1.0,0.230662345096
1.0,0.248000481013
1.0,0.265699994247
1.0,0.283767674108
1.0,0.302377739379
1.0,0.321741683353
1.0,0.341646239724
1.0,0.362220301239
1.0,0.383532306019
1.0,0.405661305818
1.0,0.428458088786
1.0,0.451912252419
1.0,0.476151651266
1.0,0.501494007924
1.0,0.527764896437
1.0,0.523709726413
1.0,0.158354780356
1.0,0.155936939624
1.0,0.153883897281
1.0,0.152198872001
1.0,0.150883649345
1.0,0.14993941699
1.0,0.149367184943
1.0,0.149167783946
1.0,0.149341439447
1.0,0.149892224695
1.0,0.150834399662
1.0,0.152167157434
1.0,-0.0994618571308
1.0,-0.151085850471
1.0,-0.147083599269
1.0,-0.142354667885
1.0,-0.136836484253
1.0,-0.130623970897
1.0,-0.12387741578
1.0,-0.116564495077
1.0,-0.108680976682
1.0,-0.100251553929
1.0,-0.0913369747935
1.0,-0.0818480793119
1.0,-0.0720340887433
1.0,-0.0618463261313
1.0,-0.0513287329815
1.0,-0.0406702407787
1.0,-0.0299208461037
1.0,-0.0189990185351
1.0,-0.00805221225032
1.0,0.00286322661502
1.0,0.0142124018894
1.0,0.0262180596853
1.0,0.0317884782287
1.0,0.0317885389873
1.0,0.0317885997461
1.0,0.0317887337007
1.0,0.0700842971275
1.0,0.0637358296857
1.0,0.079322467338
1.0,0.0948562946038
1.0,0.111724826069
1.0,0.12875990112
1.0,0.146036889366
1.0,0.16370490877
1.0,0.18181787701
1.0,0.20020863902
1.0,0.218953936925
1.0,0.23818214538
1.0,0.258167390573
1.0,0.278778975781
1.0,0.299999331675
1.0,0.172564895789
1.0,0.0807299633061
1.0,0.0824658995006
1.0,0.0841875664262
1.0,0.0858950606412
1.0,0.0875886031415
1.0,0.0892681619138
1.0,0.0909332951406
1.0,-0.0281060957295
1.0,-0.0481181075628
1.0,-0.0435609461919
1.0,-0.0387925654514
1.0,-0.033833039846
1.0,-0.0286415382429
1.0,-0.023287471799
1.0,-0.0178158158393
1.0,-0.0122449738069
1.0,-0.00660049977376
1.0,-0.000816670672561
1.0,0.00497860225568
1.0,0.0108087243252
1.0,0.0168145267606
1.0,0.0227602244771
1.0,0.0294568529518
1.0,0.0317946678913
1.0,0.0317947286735
1.0,0.0317948713017
1.0,0.074608048807
1.0,0.0922561520657
1.0,0.127478837736
1.0,0.162770869007
1.0,0.198872663859
1.0,0.235722192649
1.0,0.273528424169
1.0,0.311710922036
1.0,0.351762150293
1.0,0.392664317751
1.0,0.434969812263
1.0,0.478374615755
1.0,0.523053292074
1.0,0.568926817257
1.0,0.616862558139
1.0,0.666935154187
1.0,0.718493718208
1.0,0.771550270289
1.0,0.826437320631
1.0,0.884277351979
1.0,0.351298754474
1.0,0.315361528493
1.0,0.316493333131
1.0,0.317304155781
1.0,0.317794732806
1.0,0.317965306971
1.0,0.317816199608
1.0,0.317347049328
1.0,0.316548119448
1.0,-0.18126531985
1.0,-0.204253764727
1.0,-0.196437853698
1.0,-0.187129151832
1.0,-0.176058914693
1.0,-0.16374160404
1.0,-0.150121036485
1.0,-0.135089301549
1.0,-0.118679906832
1.0,-0.101122230823
1.0,-0.0824856336934
1.0,-0.0631419972486
1.0,-0.0434370444329
1.0,-0.023080034347
1.0,-0.00235314748508
1.0,0.0217777757868
1.0,0.0318135754109
1.0,0.0318136362655
1.0,0.0318136971203
1.0,0.0318138122288
1.0,0.0601766612391
1.0,0.0744757269309
1.0,0.0930069866745
1.0,0.111278512675
1.0,0.130437262793
1.0,0.14969748156
1.0,0.168954409467
1.0,0.188559079111
1.0,0.208436789241
1.0,0.228419627961
1.0,0.248816934135
1.0,0.26968973637
1.0,0.291274919632
1.0,0.313449672247
1.0,0.336213580323
1.0,0.359915678398
1.0,0.384455462275
1.0,0.409780752027
1.0,0.436016657031
1.0,0.463339567447
1.0,0.491662387251
1.0,0.520772501918
1.0,0.55081498526
1.0,0.58197930107
1.0,0.614283849262
1.0,0.647801207411
1.0,0.682668369603
1.0,0.718839754333
1.0,0.756431123692
1.0,0.795674036132
1.0,0.836378239717
1.0,0.878698984537
1.0,0.922893750645
1.0,0.945192507623
1.0,0.945246227179
1.0,0.945299952841
1.0,0.945353684612
1.0,0.945407422491
1.0,0.945461166479
1.0,0.945514916579
1.0,0.94556867279
1.0,0.945622435114
1.0,0.945676203552
1.0,0.945729978104
1.0,0.945783758773
1.0,0.945837545559
1.0,0.945891338463
1.0,0.945945137486
1.0,0.945998942629
1.0,0.946052753893
1.0,0.94610657128
1.0,0.94616039479
1.0,0.946214224424
1.0,0.946268060184
1.0,0.94632190207
1.0,0.946375750083
1.0,0.946429604225
1.0,0.946483464497
1.0,0.946537330899
1.0,0.946591203433
1.0,0.946644645745
1.0,0.939030265165
1.0,0.919476641507
1.0,0.897753053178
1.0,0.873853494011
1.0,0.847772178915
1.0,0.820007546671
1.0,0.792290500711
1.0,0.76499523609
1.0,0.738123507808
1.0,0.715007363288
1.0,0.693024668283
1.0,0.672165383833
1.0,0.652508918188
1.0,0.634098210382
1.0,0.616973828247
1.0,0.601174059175
1.0,0.586734391695
1.0,0.573688593965
1.0,0.562179139197
1.0,0.55322336053
1.0,0.547369982281
1.0,0.544632317069
1.0,-0.0686087227658
1.0,-0.150087010401
1.0,-0.159597151496
1.0,-0.167725417277
1.0,-0.174569375574
1.0,-0.180172332886
1.0,-0.184576022588
1.0,-0.187939941283
1.0,-0.190183108192
1.0,-0.191357647326
1.0,-0.19158452136
1.0,-0.190925138528
1.0,-0.189412707436
1.0,-0.187082721591
1.0,-0.183865406397
1.0,-0.179763471535
1.0,-0.174956526083
1.0,-0.169295774464
1.0,-0.163042244207
1.0,-0.156401272548
1.0,-0.149386769068
1.0,-0.141922123052
1.0,-0.133990603391
1.0,-0.12574040803
1.0,-0.117272170395
1.0,-0.108560803395
1.0,-0.0996006515893
1.0,-0.0904456424046
1.0,-0.0811143168001
1.0,-0.071569423827
1.0,-0.0619955659963
1.0,-0.0523689068923
1.0,-0.0426909645011
1.0,-0.0331224289763
1.0,-0.0236914885123
1.0,-0.0143990825269
1.0,-0.00520836053619
1.0,0.00373179051777
1.0,0.012622798935
1.0,0.0212449069005
1.0,0.0306759816948
1.0,0.031911960471
1.0,0.0319120217025
1.0,0.0319121250379
1.0,0.0538555678025
1.0,0.10592677949
1.0,0.153885776555
1.0,0.201652511117
1.0,0.252201974456
1.0,0.303124994126
1.0,0.355642676156
1.0,0.4102080721
1.0,0.466628332816
1.0,0.525258491396
1.0,0.586107911007
1.0,0.648927048567
1.0,0.713489446359
1.0,0.781179215301
1.0,0.851368996536
1.0,0.924317263529
1.0,0.947738374629
1.0,0.947786509782
1.0,0.844729887565
1.0,0.427453640718
1.0,0.43568870142
1.0,0.443691290508
1.0,0.451466230406
1.0,0.459017975386
1.0,0.466350650719
1.0,0.47436827304
1.0,0.482835331367
1.0,0.250924585309
1.0,-0.102322059836
1.0,-0.10178549754
1.0,-0.100034022344
1.0,-0.0972911073584
1.0,-0.0936165833682
1.0,-0.0889403314935
1.0,-0.08340510776
1.0,-0.0771130581752
1.0,-0.0700519535558
1.0,-0.0622838053613
1.0,-0.0537998054118
1.0,-0.0447697425886
1.0,-0.0352216066557
1.0,-0.0252961226968
1.0,-0.0151438390407
1.0,-0.00474859691552
1.0,0.00574868701152
1.0,0.0165050169316
1.0,0.0303403462446
1.0,0.0319370247139
1.0,0.0319370860417
1.0,0.0319371473696
1.0,0.0319373152217
1.0,0.087411083437
1.0,0.119068898009
1.0,0.151497452425
1.0,0.184371948209
1.0,0.217073195019
1.0,0.251121183459
1.0,0.28485725009
1.0,0.319530687215
1.0,0.35415492621
1.0,0.390164972246
1.0,0.426584996867
1.0,0.463601003225
1.0,0.501328295867
1.0,0.539685424818
1.0,0.578826433834
1.0,0.61836453452
1.0,0.658425077583
1.0,0.70008324794
1.0,0.742659126177
1.0,0.786027818819
1.0,0.830179815383
1.0,0.87545135363
1.0,0.921829575442
1.0,0.948693902284
1.0,0.948748020588
1.0,0.948802145068
1.0,0.948852775277
1.0,0.887529199101
1.0,0.604367096036
1.0,0.599651740999
1.0,0.594472282719
1.0,0.588828912986
1.0,0.582721595126
1.0,0.57615029649
1.0,0.569114756428
1.0,0.561615415671
1.0,0.553651790574
1.0,0.545224099422
1.0,0.536332333523
1.0,0.526967882989
1.0,0.252828854928
1.0,-0.0467866896129
1.0,-0.0528078158145
1.0,-0.0578970705957
1.0,-0.0620428794594
1.0,-0.0652593370661
1.0,-0.0676090478622
1.0,-0.0691346096345
1.0,-0.0698067714022
1.0,-0.0696203904611
1.0,-0.0686501267053
1.0,-0.0669311520028
1.0,-0.0644593599018
1.0,-0.0612168695164
1.0,-0.0572724138258
1.0,-0.0525486441557
1.0,-0.0471709402691
1.0,-0.041168789176
1.0,-0.0344921000487
1.0,-0.0273079015821
1.0,-0.0196547477988
1.0,-0.0115110345101
1.0,-0.00292060002957
1.0,0.00602056459384
1.0,0.0156658114848
1.0,0.0264767436098
1.0,0.0319789817083
1.0,0.0319790431973
1.0,0.0319791046865
1.0,0.0319792208587
1.0,0.0604186307323
1.0,0.0787330184782
1.0,0.0971485242004
1.0,0.115259648506
1.0,0.133443409803
1.0,0.151618623597
1.0,0.169399273198
1.0,0.187193805064
1.0,0.204800779694
1.0,0.222307310725
1.0,0.239891457749
1.0,0.257907435236
1.0,0.276203585265
1.0,0.294798381807
1.0,0.314014483706
1.0,0.333910043665
1.0,0.354370451061
1.0,0.375650912231
1.0,0.397785949891
1.0,0.420782847053
1.0,0.444456375027
1.0,0.469054590583
1.0,0.494886671151
1.0,0.521891042332
1.0,0.550105355119
1.0,0.579374305997
1.0,0.610026266939
1.0,0.642398421124
1.0,0.676563433725
1.0,0.71236636471
1.0,0.750393680812
1.0,0.790390620234
1.0,0.83225483887
1.0,0.876170287163
1.0,0.922264239711
1.0,0.950143529022
1.0,0.950197812846
1.0,0.950232169268
1.0,0.601365421324
1.0,0.449645329459
1.0,0.454024275992
1.0,0.458538550241
1.0,0.463186997189
1.0,0.467968150714
1.0,0.472880800014
1.0,0.477923986239
1.0,0.48309644089
1.0,0.488396590954
1.0,0.493823118594
1.0,0.4993749574
1.0,0.505050737945
1.0,0.510848793367
1.0,0.516767984835
1.0,0.522806603598
1.0,0.528963195499
1.0,0.53523655667
1.0,0.54162519099
1.0,0.548127316258
1.0,0.554741670934
1.0,0.561466441277
1.0,0.568290891572
1.0,0.298948156738
1.0,-0.0321012142594
1.0,-0.0381822652018
1.0,-0.0436196284214
1.0,-0.048424068182
1.0,-0.0526113633308
1.0,-0.0561986762965
1.0,-0.0592026393448
1.0,-0.0616406677802
1.0,-0.0635319553486
1.0,-0.0648938821245
1.0,-0.0657067873755
1.0,-0.0660164865657
1.0,-0.0658535589913
1.0,-0.0651958014567
1.0,-0.0641065295049
1.0,-0.0626210592248
1.0,-0.0607923120156
1.0,-0.0586066434379
1.0,-0.0560739718165
1.0,-0.0532210228306
1.0,-0.0500914864342
1.0,-0.0467260257825
1.0,-0.0431490415663
1.0,-0.0394302209632
1.0,-0.0355791691469
1.0,-0.0316257805733
1.0,-0.0275574953528
1.0,-0.0233915921724
1.0,-0.0191686906499
1.0,-0.014893938717
1.0,-0.0105487358119
1.0,-0.00619543664866
1.0,-0.00184703816791
1.0,0.00248371628826
1.0,0.00680623072541
1.0,0.0111097768557
1.0,0.0153613429843
1.0,0.0195928298923
1.0,0.023795524135
1.0,0.0278643097529
1.0,0.0337348563416
1.0,0.0320332317911
1.0,0.0320333780863
1.0,0.0759564477557
1.0,0.102461521722
1.0,0.129423403187
1.0,0.156875396336
1.0,0.184198686806
1.0,0.212711554253
1.0,0.241008987933
1.0,0.270219052783
1.0,0.29941996585
1.0,0.329596342349
1.0,0.360451606735
1.0,0.391851617088
1.0,0.243758165919
1.0,0.173316086968
1.0,0.173905018819
1.0,0.174439315926
1.0,0.174915318877
1.0,0.175331274816
1.0,0.0145659088772
1.0,-0.0371883694166
1.0,-0.0317830916337
1.0,-0.0259837240796
1.0,-0.0198072218499
1.0,-0.0133680672331
1.0,-0.0067110529481
1.0,0.000183813454909
1.0,0.00722273317902
1.0,0.014416515017
1.0,0.0218181966959
1.0,0.0311391010511
1.0,0.032040721812
1.0,0.0320408328672
1.0,0.057646311815
1.0,0.0832729130536
1.0,0.109645994395
1.0,0.136746068528
1.0,0.164551632553
1.0,0.192271900029
1.0,0.220738757849
1.0,0.2491490602
1.0,0.278243959332
1.0,0.307255198926
1.0,0.167515984781
1.0,0.137533086893
1.0,0.137327818185
1.0,0.13709147325
1.0,0.070445460208
1.0,-0.0276419380516
1.0,-0.021207166951
1.0,-0.0144784757523
1.0,-0.00750439327247
1.0,-0.000251916113025
1.0,0.00716057675055
1.0,0.0147959595833
1.0,0.022602151079
1.0,0.0320296398452
1.0,0.0320455750172
1.0,0.0320457001117
1.0,0.0649240522829
1.0,0.107868881632
1.0,0.151886224007
1.0,0.195619060262
1.0,0.239880796932
1.0,0.284562643757
1.0,0.330144170843
1.0,0.37596432661
1.0,0.423255774768
1.0,0.471299115833
1.0,0.520552901358
1.0,0.570906904908
1.0,0.306221429984
1.0,0.207586925895
1.0,0.205619606737
1.0,0.203534503138
1.0,0.201346063035
1.0,0.199055920181
1.0,0.19666154469
1.0,0.0653713463877
1.0,-0.0292261966508
1.0,-0.0278570505821
1.0,-0.0261194366225
1.0,-0.0240052432443
1.0,-0.0215365536843
1.0,-0.0187528949777
1.0,-0.0156620634796
1.0,-0.0122555468838
1.0,-0.00859781254026
1.0,-0.00470712303986
1.0,-0.000607193029213
1.0,0.00371503527156
1.0,0.00822291504962
1.0,0.0128814908733
1.0,0.0177527289386
1.0,0.0227667272457
1.0,0.0279150258886
1.0,0.0320557696495
1.0,0.0320558314341
1.0,0.03205591861
1.0,0.0452298317803
1.0,0.109644055457
1.0,0.159613793635
1.0,0.208496078529
1.0,0.259209531188
1.0,0.309502865008
1.0,0.360584601001
1.0,0.412869176703
1.0,0.46623224961
1.0,0.520986036282
1.0,0.577087461431
1.0,0.386326374614
1.0,0.156784025464
1.0,0.153106228542
1.0,0.149393947855
1.0,0.145646661604
1.0,0.141862903345
1.0,-0.0221173519051
1.0,-0.122320471465
1.0,-0.113010423978
1.0,-0.102787202181
1.0,-0.0914442058348
1.0,-0.0793934852551
1.0,-0.0664867081154
1.0,-0.0530044573143
1.0,-0.039116678249
1.0,-0.0247386622102
1.0,-0.0100417740978
1.0,0.00523741836896
1.0,0.0214996792563
1.0,0.0320634047976
1.0,0.0320634666117
1.0,0.032063528426
1.0,0.0320636822959
1.0,0.0798138905407
1.0,0.121054056552
1.0,0.16610915404
1.0,0.210543576198
1.0,0.255933590672
1.0,0.301967722818
1.0,0.348484060444
1.0,0.396516884108
1.0,0.445557927797
1.0,0.495762663445
1.0,0.547205463831
1.0,0.599953515402
1.0,0.655642411997
1.0,0.713365930208
1.0,0.772719779701
1.0,0.465714906952
1.0,0.15726283618
1.0,0.152367223572
1.0,0.14776405804
1.0,0.143456975041
1.0,0.139450205056
1.0,0.13574710996
1.0,0.132350435405
1.0,0.0308709638677
1.0,-0.207632975103
1.0,-0.200922884782
1.0,-0.193008964656
1.0,-0.183762818752
1.0,-0.173551905713
1.0,-0.162433906542
1.0,-0.150298206017
1.0,-0.137199712085
1.0,-0.123058667259
1.0,-0.108091412156
1.0,-0.0924453187151
1.0,-0.0760862942091
1.0,-0.059446950096
1.0,-0.0426221669851
1.0,-0.0253167820503
1.0,-0.00807766713165
1.0,0.00995896282901
1.0,0.0293240186595
1.0,0.0320746633541
1.0,0.0320747252115
1.0,0.0320748744378
1.0,0.0773781589322
1.0,0.123121894741
1.0,0.169293867462
1.0,0.216499154405
1.0,0.264618333143
1.0,0.313923520115
1.0,0.365196450046
1.0,0.418081991193
1.0,0.473024095431
1.0,0.529739228404
1.0,0.588485189416
1.0,0.6504331283
1.0,0.715513146384
1.0,0.782977487515
1.0,0.568214404582
1.0,0.142215890781
1.0,0.145927142562
1.0,0.149926218303
1.0,0.154209787405
1.0,0.158774094979
1.0,0.163615595218
1.0,0.168730124976
1.0,0.174113536904
1.0,0.179761906524
1.0,0.185670312435
1.0,0.191831232936
1.0,-0.0483828499399
1.0,-0.0586584516909
1.0,-0.0576353055774
1.0,-0.0563457585958
1.0,-0.0548200142948
1.0,-0.0530538165686
1.0,-0.0510794960577
1.0,-0.0489137494617
1.0,-0.0465750064829
1.0,-0.0440585992186
1.0,-0.0413770345827
1.0,-0.0385266432162
1.0,-0.0355306236861
1.0,-0.0324032566925
1.0,-0.029128330991
1.0,-0.0257326315718
1.0,-0.0222448633625
1.0,-0.0186780518441
1.0,-0.0150147325031
1.0,-0.0112855974877
1.0,-0.00751918266084
1.0,-0.00372625379057
1.0,8.00153295626e-05
1.0,0.00388446965417
1.0,0.00771808305131
1.0,0.0115128464473
1.0,0.0152826580737
1.0,0.0190525581739
1.0,0.022810308241
1.0,0.0264788003781
1.0,0.0307278004969
1.0,0.0320891385364
1.0,0.0320892004497
1.0,0.0320893148585
1.0,0.0592973816116
1.0,0.0782502665508
1.0,0.103335423977
1.0,0.129038494925
1.0,0.155606167388
1.0,0.182846071154
1.0,0.210386000381
1.0,0.238467044565
1.0,0.267015089799
1.0,0.296061332717
1.0,0.326071485443
1.0,0.35684783948
1.0,0.388479202293
1.0,0.420865111263
1.0,0.454244516162
1.0,0.488484238193
1.0,0.523600574538
1.0,0.559976002161
1.0,0.59785577975
1.0,0.636772896067
1.0,0.469081484719
1.0,0.265373017244
1.0,0.266489112774
1.0,0.26739100845
1.0,0.268079349196
1.0,0.268554461221
1.0,0.268816836906
1.0,0.268866490031
1.0,0.26870360161
1.0,0.268343979646
1.0,0.0259613818537
1.0,-0.0704825941469
1.0,-0.0687300801965
1.0,-0.0663835436319
1.0,-0.0634932255187
1.0,-0.0600587419369
1.0,-0.0560814776663
1.0,-0.0516154438469
1.0,-0.046647970156
1.0,-0.0412268937246
1.0,-0.0354399474404
1.0,-0.029246611887
1.0,-0.0227486459349
1.0,-0.0160135551355
1.0,-0.00908430116294
1.0,-0.00190849551316
1.0,0.00538218059909
1.0,0.0128300837599
1.0,0.0204908207395
1.0,0.0295567039933
1.0,0.0321063230953
1.0,0.0321063850749
1.0,0.0321065413666
1.0,0.0809616162062
1.0,0.0745674205198
1.0,0.0936204439572
1.0,0.11296059201
1.0,0.133137329131
1.0,0.153187565334
1.0,0.173912582287
1.0,0.194593275659
1.0,0.215650979281
1.0,0.236948267206
1.0,0.258340633659
1.0,0.280385197929
1.0,0.302836249542
1.0,0.32581235317
1.0,0.349352367388
1.0,0.373350577646
1.0,0.398070908456
1.0,0.191333683797
1.0,0.165963783598
1.0,0.166007287416
1.0,0.166063599064
1.0,0.166132715824
1.0,0.166214634223
1.0,0.166307901453
1.0,0.00935567007123
1.0,-0.073182969604
1.0,-0.0661030085994
1.0,-0.0583533510532
1.0,-0.0501358268887
1.0,-0.0413910453354
1.0,-0.0322696487913
1.0,-0.0228803978601
1.0,-0.0132533089045
1.0,-0.00336624379145
1.0,0.00659876008081
1.0,0.0169781578233
1.0,0.0292416999148
1.0,0.0321154808547
1.0,0.0321155428697
1.0,0.0321156851864
1.0,0.0737014584396
1.0,0.110101014917
1.0,0.148496288252
1.0,0.187099558066
1.0,0.22687531886
1.0,0.266485697278
1.0,0.307396559183
1.0,0.348516072386
1.0,0.391409617104
1.0,0.434879235623
1.0,0.479648385688
1.0,0.5253437774
1.0,0.572261923938
1.0,0.392500883714
1.0,0.200886332955
1.0,0.200532949871
1.0,0.200108082622
1.0,0.199611742446
1.0,0.199043643407
1.0,0.198401535247
1.0,0.0115926304663
1.0,-0.0826524911711
1.0,-0.0772345250065
1.0,-0.0711371601606
1.0,-0.0644086322472
1.0,-0.0570265809155
1.0,-0.0491673498134
1.0,-0.0407639764701
1.0,-0.0319712136363
1.0,-0.0228843936295
1.0,-0.0135335773383
1.0,-0.00388117792611
1.0,0.00588792437734
1.0,0.0161046071074
1.0,0.0279110233876
1.0,0.0321257289867
1.0,0.0321257910413
1.0,0.0321259786102
1.0,0.0971051757802
1.0,0.0993554317196
1.0,0.134598023636
1.0,0.169653255629
1.0,0.205090667851
1.0,0.241210054502
1.0,0.277824797159
1.0,0.314661046047
1.0,0.216714281257
1.0,0.105377673957
1.0,0.104776700739
1.0,0.104158272115
1.0,0.103521818918
1.0,0.00708828133896
1.0,-0.0258249895125
1.0,-0.020847731014
1.0,-0.015647852384
1.0,-0.0102478289055
1.0,-0.00468010103766
1.0,0.00111333598596
1.0,0.00700772641354
1.0,0.0129987046496
1.0,0.0192931208478
1.0,0.0254924332607
1.0,0.0321289858981
1.0,0.0321301686609
1.0,0.0321302938892
1.0,0.064822259754
1.0,0.08025665372
1.0,0.105672338659
1.0,0.13148725167
1.0,0.157755472912
1.0,0.184776768591
1.0,0.211734098285
1.0,0.23915805017
1.0,0.266749526469
1.0,0.294844633343
1.0,0.323626946915
1.0,0.173117895632
1.0,0.104524218637
1.0,0.103462716172
1.0,0.10238643469
1.0,0.101294475314
1.0,-0.0342070347145
1.0,-0.0778404551873
1.0,-0.065187854892
1.0,-0.0519404040212
1.0,-0.0383386961262
1.0,-0.0243655379903
1.0,-0.0100872447793
1.0,0.00458535665271
1.0,0.0195466710639
1.0,0.032360267958
1.0,0.0321349299711
1.0,0.0321349920612
1.0,0.0321351435306
1.0,0.0783937168958
1.0,0.0687243792079
1.0,0.084990374434
1.0,0.101056569894
1.0,0.117902692947
1.0,0.134622465132
1.0,0.151461506523
1.0,0.168243891359
1.0,0.185240639687
1.0,0.202272035683
1.0,0.219337800908
1.0,0.236679900461
1.0,0.254345546628
1.0,0.272502195683
1.0,0.291041872296
1.0,0.309956648378
1.0,0.329619237734
1.0,0.349892187943
1.0,0.37072337275
1.0,0.392300776528
1.0,0.414654313485
1.0,0.437832878153
1.0,0.461657736913
1.0,0.486215633239
1.0,0.511621078385
1.0,0.538107197588
1.0,0.565540494301
1.0,0.594027535317
1.0,0.623453668397
1.0,0.654016532179
1.0,0.685897692999
1.0,0.719320877052
1.0,0.754186808479
1.0,0.790718155573
1.0,0.829243830253
1.0,0.86940700457
1.0,0.91125032032
1.0,0.954810610553
1.0,0.954865428984
1.0,0.95492025371
1.0,0.954975084731
1.0,0.95502992205
1.0,0.955084765666
1.0,0.955139615582
1.0,0.955194471799
1.0,0.955249334317
1.0,0.955304203137
1.0,0.955359078261
1.0,0.955408841684
1.0,0.866361911525
1.0,0.878217041298
1.0,0.891125507203
1.0,0.905085733938
1.0,0.920051780685
1.0,0.935640338509
1.0,0.951656413234
1.0,0.955833624082
1.0,0.955888560048
1.0,0.955943502328
1.0,0.955998450925
1.0,0.956053405839
1.0,0.956108367071
1.0,0.956163334623
1.0,0.956218308496
1.0,0.95627328869
1.0,0.956328275207
1.0,0.956383268048
1.0,0.956438267214
1.0,0.956493272707
1.0,0.956548284526
1.0,0.956603302674
1.0,0.956658327151
1.0,0.956713357958
1.0,0.956768395097
1.0,0.956823438569
1.0,0.956878488374
1.0,0.956933544514
1.0,0.95698860699
1.0,0.957043675803
1.0,0.957098750955
1.0,0.957153832445
1.0,0.957208920276
1.0,0.957264014448
1.0,0.957319114963
1.0,0.957374221821
1.0,0.957429335024
1.0,0.957452988433
1.0,0.41088748675
1.0,0.118187660925
1.0,0.0914648751811
1.0,0.0660251550279
1.0,0.0418574868943
1.0,0.0242498370981
1.0,0.0112307627345
1.0,-0.00102217310615
1.0,-0.0124652914886
1.0,-0.0229082469376
1.0,-0.0323121713939
1.0,-0.0406933356454
1.0,-0.0480750773714
1.0,-0.0544782097094
1.0,-0.0599159271408
1.0,-0.0643799472326
1.0,-0.0679288277894
1.0,-0.070583732005
1.0,-0.0724088985202
1.0,-0.073463793377
1.0,-0.0738266203566
1.0,-0.0734757772362
1.0,-0.072410704672
1.0,-0.0706903572304
1.0,-0.0684218469862
1.0,-0.0656406802449
1.0,-0.062357826151
1.0,-0.0585651978908
1.0,-0.0543263377283
1.0,-0.0496137531921
1.0,-0.0444765308934
1.0,-0.0389922221824
1.0,-0.0331356094082
1.0,-0.026960063877
1.0,-0.020550937295
1.0,-0.0139426376704
1.0,-0.00713760476351
1.0,-0.000134827346908
1.0,0.00695872516782
1.0,0.0142843825303
1.0,0.0216869538517
1.0,0.0303447252245
1.0,0.0322551534602
1.0,0.0322552160158
1.0,0.0322552785716
1.0,0.0322554062698
1.0,0.0658444024247
1.0,0.0882738071893
1.0,0.111956554131
1.0,0.136080133975
1.0,0.160456034962
1.0,0.185570075297
1.0,0.210742418831
1.0,0.23657612072
1.0,0.262502014521
1.0,0.289165036102
1.0,0.316497502901
1.0,0.344548300138
1.0,0.373384877672
1.0,0.402997766
1.0,0.433592575001
1.0,0.465014480343
1.0,0.497392077651
1.0,0.531167093117
1.0,0.566136375168
1.0,0.215981163479
1.0,0.201769075892
1.0,0.202530569516
1.0,0.203365057963
1.0,0.204272168919
1.0,0.205251999084
1.0,0.206304139509
1.0,0.207428164015
1.0,0.208622881721
1.0,0.124514777819
1.0,-0.0658411325041
1.0,-0.0637573046135
1.0,-0.0612510331216
1.0,-0.0583239873357
1.0,-0.0549924572773
1.0,-0.0512512837126
1.0,-0.0471573190936
1.0,-0.0426912862881
1.0,-0.0378927799214
1.0,-0.0328299279594
1.0,-0.0274930476285
1.0,-0.0219088930543
1.0,-0.0161599045694
1.0,-0.0102730078785
1.0,-0.00427739522784
1.0,0.00188007011505
1.0,0.00806706280621
1.0,0.014329634766
1.0,0.0207149087271
1.0,0.0269545280756
1.0,0.0322699497189
1.0,0.0322693042114
1.0,0.0322693668219
1.0,0.0322695007854
1.0,0.0690448530087
1.0,0.0947431634363
1.0,0.122462924244
1.0,0.150641400546
1.0,0.179046102468
1.0,0.208492712932
1.0,0.238100726619
1.0,0.268463637417
1.0,0.298994675866
1.0,0.330777693774
1.0,0.363219124983
1.0,0.396492868571
1.0,0.430600480949
1.0,0.465616585575
1.0,0.501549630038
1.0,0.53834454839
1.0,0.576388441778
1.0,0.616080764659
1.0,0.656865729391
1.0,0.608192206997
1.0,0.277164885317
1.0,0.277761978276
1.0,0.278142640703
1.0,0.27830696873
1.0,0.278255556295
1.0,0.277987856157
1.0,0.27750381905
1.0,0.276803237939
1.0,0.275880590654
1.0,-0.0163335414544
1.0,-0.0924989029722
1.0,-0.0895982727895
1.0,-0.0859614351752
1.0,-0.0816439253353
1.0,-0.0766361467253
1.0,-0.0709300312017
1.0,-0.0646120566959
1.0,-0.0575943005131
1.0,-0.0500794953173
1.0,-0.0420309083844
1.0,-0.0335266693096
1.0,-0.024698471498
1.0,-0.0156045995996
1.0,-0.00613626097637
1.0,0.00348394175108
1.0,0.0135042097707
1.0,0.02354551525
1.0,0.0326311454973
1.0,0.0322867200923
1.0,0.0322867827705
1.0,0.0322870067412
1.0,0.115372942304
1.0,0.179830462302
1.0,0.245079228328
1.0,0.312439939246
1.0,0.380030575541
1.0,0.448210421464
1.0,0.519043629783
1.0,0.591786018804
1.0,0.51135394505
1.0,0.158664337448
1.0,0.157232245783
1.0,0.1558264934
1.0,0.154447250286
1.0,0.153095486977
1.0,0.151790768543
1.0,-0.00165129754041
1.0,-0.0467133488209
1.0,-0.0438488620058
1.0,-0.0406308469401
1.0,-0.0370145199787
1.0,-0.0330886930605
1.0,-0.028880495727
1.0,-0.0243640447299
1.0,-0.0195920997771
1.0,-0.0146174272786
1.0,-0.00946353418465
1.0,-0.00415859463982
1.0,0.00135630486515
1.0,0.00695357177711
1.0,0.012641679668
1.0,0.0185917368078
1.0,0.0244954497888
1.0,0.0320461725582
1.0,0.0322947250438
1.0,0.0322948833309
1.0,0.0815171971723
1.0,0.0956995509814
1.0,0.131258579293
1.0,0.166554793563
1.0,0.202329675911
1.0,0.238583543653
1.0,0.275439738873
1.0,0.312334554055
1.0,0.350763863994
1.0,0.389740443575
1.0,0.429745090535
1.0,0.470576711008
1.0,0.51240722307
1.0,0.5551810588
1.0,0.599522082978
1.0,0.645758586757
1.0,0.693280262169
1.0,0.741976092229
1.0,0.792178747776
1.0,0.844870544247
1.0,0.899966471135
1.0,0.957059886458
1.0,0.959281475315
1.0,0.959303638607
1.0,0.384265072819
1.0,0.378413468675
1.0,0.372221581161
1.0,0.365681235775
1.0,0.358726000766
1.0,0.3512953812
1.0,0.343379292554
1.0,0.334969123727
1.0,0.326055155632
1.0,0.316627478513
1.0,0.306675253422
1.0,0.296178327091
1.0,-0.169683438194
1.0,-0.193678836605
1.0,-0.195484376323
1.0,-0.195927833574
1.0,-0.194960647145
1.0,-0.192642423706
1.0,-0.189291141381
1.0,-0.184928556055
1.0,-0.179345275622
1.0,-0.172585432622
1.0,-0.164845218898
1.0,-0.156021784318
1.0,-0.146060214894
1.0,-0.135065229749
1.0,-0.12292341912
1.0,-0.109850205479
1.0,-0.0960245617101
1.0,-0.0812726797646
1.0,-0.0660785686988
1.0,-0.050532459188
1.0,-0.034449741025
1.0,-0.0181424587678
1.0,-0.00126801753004
1.0,0.0159246781349
1.0,0.0320757997522
1.0,0.032320950598
1.0,0.0323210566393
1.0,0.0545663679688
1.0,0.0555220929305
1.0,0.068597769543
1.0,0.0813367470895
1.0,0.0951502279742
1.0,0.109028143777
1.0,0.122922446391
1.0,0.137333470101
1.0,0.151991521995
1.0,0.166950034039
1.0,0.182257828754
1.0,0.198089390911
1.0,0.214711840442
1.0,0.231912483962
1.0,0.249749796499
1.0,0.268747671034
1.0,0.289191250176
1.0,0.311168851026
1.0,0.334425893799
1.0,0.358828700597
1.0,0.384141965567
1.0,0.410348126939
1.0,0.437639271434
1.0,0.466239982237
1.0,0.495953538983
1.0,0.526657533804
1.0,0.558374993907
1.0,0.591331543961
1.0,0.626027678465
1.0,0.662108211181
1.0,0.699623945659
1.0,0.739320205604
1.0,0.780678549254
1.0,0.823724701969
1.0,0.868697221696
1.0,0.915547691742
1.0,0.960250066458
1.0,0.960305511275
1.0,0.960360962496
1.0,0.960416420121
1.0,0.960445151215
1.0,0.497551982417
1.0,0.500233057571
1.0,0.503068563837
1.0,0.506168185833
1.0,0.510317451038
1.0,0.515848378937
1.0,0.522751632222
1.0,0.531015462463
1.0,0.540620504196
1.0,0.551543763687
1.0,0.563759921549
1.0,0.577210019407
1.0,0.590761880911
1.0,0.603033557304
1.0,0.613942684833
1.0,0.0294803178623
1.0,-0.344186692331
1.0,-0.348159860927
1.0,-0.349825415025
1.0,-0.348736833619
1.0,-0.344980387698
1.0,-0.338647680171
1.0,-0.329149340173
1.0,-0.316762994472
1.0,-0.301493793528
1.0,-0.284664171806
1.0,-0.264656118984
1.0,-0.242961617623
1.0,-0.219990642477
1.0,-0.195312337929
1.0,-0.168983725422
1.0,-0.141315437491
1.0,-0.112365846562
1.0,-0.0827572496999
1.0,-0.0525980575426
1.0,-0.0220143740537
1.0,0.0114178828805
1.0,0.0323635243455
1.0,0.0323635873222
1.0,0.0323636779679
1.0,0.0465828177729
1.0,0.0848965160003
1.0,0.118381055386
1.0,0.152160713301
1.0,0.18652539819
1.0,0.221054137277
1.0,0.256256996279
1.0,0.291619564097
1.0,0.32803134754
1.0,0.365306420455
1.0,0.403521985083
1.0,0.442961549105
1.0,0.483495876869
1.0,0.179791266779
1.0,0.0413170694166
1.0,0.0366738441048
1.0,0.0322973848588
1.0,0.0309599149029
1.0,0.0296558758077
1.0,0.0283855495532
1.0,0.0271492101025
1.0,0.0259471234042
1.0,0.0247795139243
1.0,-0.0347770852143
1.0,-0.0724648229131
1.0,-0.0707400637201
1.0,-0.0687776216923
1.0,-0.0665590409498
1.0,-0.0641148552384
1.0,-0.0614547498209
1.0,-0.0585747564686
1.0,-0.0554323390794
1.0,-0.0520994896362
1.0,-0.0485844648777
1.0,-0.0448966626927
1.0,-0.0410113259484
1.0,-0.0369294746249
1.0,-0.0327112392149
1.0,-0.0283673384794
1.0,-0.0239032377847
1.0,-0.0193350281517
1.0,-0.0146730513535
1.0,-0.00985479568832
1.0,-0.00495363006027
1.0,-8.75632819701e-06
1.0,0.00502224593452
1.0,0.0101849515907
1.0,0.0154999539379
1.0,0.0207815951024
1.0,0.0259246672063
1.0,0.0319833023586
1.0,0.0323696232536
1.0,0.032369686254
1.0,0.0323697881487
1.0,0.0523537262822
1.0,0.067262281851
1.0,0.0851847709553
1.0,0.103847836491
1.0,0.123207577644
1.0,0.142636420632
1.0,0.162746823919
1.0,0.1831411272
1.0,0.203936817557
1.0,0.225345463847
1.0,0.247845120222
1.0,0.271143322226
1.0,0.295539081051
1.0,0.321286219881
1.0,0.348197804606
1.0,0.376515045126
1.0,0.406301296263
1.0,0.437310299402
1.0,0.0198657686605
1.0,0.0165704628019
1.0,0.016983287458
1.0,0.0174973181823
1.0,0.0181123659173
1.0,0.0188280653427
1.0,0.0196440644926
1.0,0.0205597100374
1.0,0.0215718392068
1.0,-0.0360180950858
1.0,-0.161343520793
1.0,-0.154427109264
1.0,-0.14704451672
1.0,-0.139234447925
1.0,-0.130962729082
1.0,-0.122192005203
1.0,-0.113012201078
1.0,-0.103392290896
1.0,-0.0933251824621
1.0,-0.0830196922451
1.0,-0.0724253942272
1.0,-0.0615476577911
1.0,-0.050593737757
1.0,-0.0395954152608
1.0,-0.028564600852
1.0,-0.0173763032751
1.0,-0.00629432488856
1.0,0.00495458319684
1.0,0.0162432481454
1.0,0.0280210903481
1.0,0.0323750913717
1.0,0.0323751543933
1.0,0.0323752845061
1.0,0.0668409145546
1.0,0.0624459220306
1.0,0.0783131482101
1.0,0.0944612737319
1.0,0.112182486433
1.0,0.130392168763
1.0,0.148953521284
1.0,0.168378460897
1.0,0.188338711526
1.0,0.208848932671
1.0,0.230088368196
1.0,0.252297329321
1.0,0.275486909414
1.0,0.299568268994
1.0,0.324721226256
1.0,0.351115629943
1.0,0.378505764749
1.0,0.407052495885
1.0,0.436848282014
1.0,0.4679067564
1.0,0.499957027156
1.0,0.533146822007
1.0,0.567699135546
1.0,0.603582140154
1.0,0.640890037717
1.0,0.679583391202
1.0,0.719770817831
1.0,0.761662361377
1.0,0.805281749153
1.0,0.705557023636
1.0,0.331912380677
1.0,0.336893009634
1.0,0.341427555192
1.0,0.345521175818
1.0,0.349178743322
1.0,0.352433376772
1.0,0.355323437058
1.0,0.357853747169
1.0,0.3600263402
1.0,0.361843142853
1.0,0.363302645682
1.0,0.190155771965
1.0,-0.226208528935
1.0,-0.223679538804
1.0,-0.219270302589
1.0,-0.212787699636
1.0,-0.204891889843
1.0,-0.195747314876
1.0,-0.18497961783
1.0,-0.172948334658
1.0,-0.15980596269
1.0,-0.145390180724
1.0,-0.129840516053
1.0,-0.112925782608
1.0,-0.0952469422368
1.0,-0.076531162013
1.0,-0.0574387127525
1.0,-0.0379692539222
1.0,-0.0180982918309
1.0,0.0023807252859
1.0,0.026011520413
1.0,0.0323974546919
1.0,0.0323975062776
1.0,0.0323975578634
1.0,0.0323976624391
1.0,0.0656770135567
1.0,0.0894231970795
1.0,0.113718209933
1.0,0.138751765774
1.0,0.163984235719
1.0,0.189544083826
1.0,0.215435602254
1.0,0.241636211621
1.0,0.268041206176
1.0,0.295112501686
1.0,0.322922362586
1.0,0.351380683143
1.0,0.380461493967
1.0,0.410569812075
1.0,0.441442333641
1.0,0.473199582274
1.0,0.506185140676
1.0,0.540365712489
1.0,0.285334491111
1.0,0.150126490542
1.0,0.147358310202
1.0,0.144473293337
1.0,0.141470177962
1.0,0.138347650192
1.0,0.135104881707
1.0,0.131740456773
1.0,0.128252888729
1.0,0.0647962974778
1.0,-0.114658506535
1.0,-0.111278274514
1.0,-0.107328445589
1.0,-0.102813667804
1.0,-0.0977272630669
1.0,-0.0920257840422
1.0,-0.0857964016619
1.0,-0.0789634389587
1.0,-0.0716068069846
1.0,-0.0638359972792
1.0,-0.0555658793418
1.0,-0.0469062590335
1.0,-0.0379650091905
1.0,-0.0287821967501
1.0,-0.0192989396267
1.0,-0.00958417992722
1.0,0.000271136841846
1.0,0.0106184821054
1.0,0.020947603153
1.0,0.0321225326613
1.0,0.0324066022036
1.0,0.0324066538184
1.0,0.0324067265613
1.0,0.0456721240725
1.0,0.0824567922248
1.0,0.114589353726
1.0,0.147148904327
1.0,0.180353340258
1.0,0.213813821121
1.0,0.247995491729
1.0,0.282450801932
1.0,0.318032540222
1.0,0.354663967513
1.0,0.392395692349
1.0,0.431564896445
1.0,0.472050944733
1.0,0.514125586346
1.0,0.55849130407
1.0,0.604463454602
1.0,0.652140335655
1.0,0.631894759102
1.0,0.101436963179
1.0,0.0995762347565
1.0,0.0980376554742
1.0,0.0968230520765
1.0,0.0959335202451
1.0,0.0953694197295
1.0,0.0951317089633
1.0,0.0952203854261
1.0,0.0956355986713
1.0,0.0963755647757
1.0,-0.154778157613
1.0,-0.156162637148
1.0,-0.151913963991
1.0,-0.146980773656
1.0,-0.141332366289
1.0,-0.13511048125
1.0,-0.128417017184
1.0,-0.121194771992
1.0,-0.113429917842
1.0,-0.105173172393
1.0,-0.0964512803795
1.0,-0.0871876574762
1.0,-0.0776144429584
1.0,-0.0677074772443
1.0,-0.0574307326328
1.0,-0.0470093924482
1.0,-0.0364776778221
1.0,-0.0258551981708
1.0,-0.015031048559
1.0,-0.00425602284989
1.0,0.00675514710527
1.0,0.0177924446695
1.0,0.0298182982782
1.0,0.0324153565315
1.0,0.0324154081742
1.0,0.0324154917574
1.0,0.0524641282725
1.0,0.0940814032328
1.0,0.13472348216
1.0,0.176039485424
1.0,0.219173288024
1.0,0.262683252457
1.0,0.307010818476
1.0,0.353306901879
1.0,0.400972486291
1.0,0.450387291143
1.0,0.501416641499
1.0,0.55412960321
1.0,0.609104906016
1.0,0.667068295115
1.0,0.727120320534
1.0,0.789315180467
1.0,0.854474987223
1.0,0.803870868393
1.0,0.204738203219
1.0,0.205437045187
1.0,0.205692754989
1.0,0.205505389055
1.0,0.204874481666
1.0,0.203799717914
1.0,0.202279360255
1.0,0.200394355145
1.0,0.198449854141
1.0,0.0996720740367
1.0,-0.169978722257
1.0,-0.168108979829
1.0,-0.165236154997
1.0,-0.161579464881
1.0,-0.157149878542
1.0,-0.151824253899
1.0,-0.145630197225
1.0,-0.138757842067
1.0,-0.131213346087
1.0,-0.122956691947
1.0,-0.113977105276
1.0,-0.104368558223
1.0,-0.0939838418335
1.0,-0.083136524827
1.0,-0.071745560923
1.0,-0.0598866904776
1.0,-0.0477727744755
1.0,-0.0354656417406
1.0,-0.0228029353754
1.0,-0.0100455060167
1.0,0.00302097471343
1.0,0.0163868046175
1.0,0.0304669020967
1.0,0.0324279119443
1.0,0.032427963627
1.0,0.0324280805283
1.0,0.0733491431479
1.0,0.107579874874
1.0,0.142296195219
1.0,0.17765388808
1.0,0.213863619412
1.0,0.250753267338
1.0,0.288062973356
1.0,0.326846643654
1.0,0.366786625449
1.0,0.408058519035
1.0,0.128753023819
1.0,0.03332682092
1.0,0.0332707809487
1.0,0.0332525779172
1.0,0.0332725094485
1.0,0.0333299135296
1.0,-0.099290421129
1.0,-0.111127570095
1.0,-0.100581246056
1.0,-0.0895010031065
1.0,-0.0780083440348
1.0,-0.0659192472215
1.0,-0.0535975710241
1.0,-0.041089511043
1.0,-0.0283554928491
1.0,-0.0154162834606
1.0,-0.00245762903244
1.0,0.0111160189223
1.0,0.0253734820104
1.0,0.0324312571856
1.0,0.032431308879
1.0,0.0324314077575
1.0,0.062034364159
1.0,0.0859025521475
1.0,0.110101885049
1.0,0.135728479088
1.0,0.161708657268
1.0,0.187944617404
1.0,0.214854754629
1.0,0.242068757141
1.0,0.270085608058
1.0,0.299068107613
1.0,0.156954938067
1.0,0.0311047966004
1.0,0.0312539732057
1.0,0.0314132354753
1.0,0.0315822058582
1.0,-0.129072726703
1.0,-0.140323724318
1.0,-0.116011026911
1.0,-0.090969292031
1.0,-0.0657957013016
1.0,-0.0402259668162
1.0,-0.0147223288951
1.0,0.0118585773941
1.0,0.0324337498943
1.0,0.0324338015957
1.0,0.0324338532972
1.0,0.032433925131
1.0,0.0450635155698
1.0,0.0726630748596
1.0,0.0980035908318
1.0,0.123995468767
1.0,0.150925426628
1.0,0.178673754631
1.0,0.20698210668
1.0,0.2360115291
1.0,0.265645393112
1.0,0.296394464111
1.0,0.328361086668
1.0,0.361527286342
1.0,0.395992660741
1.0,0.43194893233
1.0,0.46928270755
1.0,0.508319764612
1.0,0.549318680826
1.0,0.591714659511
1.0,0.635545841711
1.0,0.681137912132
1.0,0.72858338471
1.0,0.778426774913
1.0,0.830347616912
1.0,0.884530721252
1.0,0.940896318544
1.0,0.963303493484
1.0,0.963349102804
1.0,0.963394716444
1.0,0.963440334403
1.0,0.963485956682
1.0,0.963511526157
1.0,0.539984380057
1.0,0.540688802594
1.0,0.54074209487
1.0,0.540143714973
1.0,0.538901975934
1.0,0.537381211613
1.0,0.536076410019
1.0,0.535023576444
1.0,0.534223267198
1.0,0.53367565093
1.0,0.533381295837
1.0,0.533340381878
1.0,0.533552962942
1.0,0.534018704258
1.0,0.534737670513
1.0,0.535709538042
1.0,0.536921914103
1.0,0.0957127937034
1.0,-0.040601644623
1.0,-0.0469566426328
1.0,-0.0527275324148
1.0,-0.0579246679264
1.0,-0.0625557133611
1.0,-0.0666318177088
1.0,-0.07016402901
1.0,-0.0731623312626
1.0,-0.0756122340744
1.0,-0.0775126228782
1.0,-0.0789057859506
1.0,-0.0797759750307
1.0,-0.0801339451554
1.0,-0.0800203936595
1.0,-0.0794946840937
1.0,-0.0785529112443
1.0,-0.0771905327533
1.0,-0.075385814658
1.0,-0.0731892238895
1.0,-0.0706410927556
1.0,-0.0677558191969
1.0,-0.0645312902237
1.0,-0.0609718020914
1.0,-0.057092185408
1.0,-0.0529299396331
1.0,-0.0484495979749
1.0,-0.0437121164467
1.0,-0.0387638302398
1.0,-0.033599701651
1.0,-0.0281996486802
1.0,-0.0226571032276
1.0,-0.0169880312495
1.0,-0.011215366785
1.0,-0.00531799148788
1.0,0.000689794561081
1.0,0.00673838452454
1.0,0.0128754273602
1.0,0.0191749375931
1.0,0.0253572610272
1.0,0.0323471596078
1.0,0.0324721278662
1.0,0.0324722311075
1.0,0.0646900444477
1.0,0.0637750025342
1.0,0.0792447203083
1.0,0.0948374750355
1.0,0.110940334429
1.0,0.127438067816
1.0,0.144268110946
1.0,0.16113374368
1.0,0.178438428455
1.0,0.195969437606
1.0,0.213677690151
1.0,0.231720249021
1.0,0.250123959365
1.0,0.269247369849
1.0,0.288815687619
1.0,0.308864005576
1.0,0.329554188264
1.0,0.351044519417
1.0,0.373134541427
1.0,0.395915958742
1.0,0.4194464929
1.0,0.443902910175
1.0,0.469090829463
1.0,0.494910283809
1.0,0.521494741151
1.0,0.549026934411
1.0,0.577509290147
1.0,0.606891719976
1.0,0.637334869322
1.0,0.668709955112
1.0,0.701160774123
1.0,0.734960454058
1.0,0.769991036315
1.0,0.410384332541
1.0,0.336971235689
1.0,0.337318714229
1.0,0.337658207321
1.0,0.337989940757
1.0,0.338313920563
1.0,0.338630152604
1.0,0.338938641922
1.0,0.339199492975
1.0,0.339228600612
1.0,0.338973776986
1.0,0.338434372825
1.0,0.337604092003
1.0,-0.0440669115614
1.0,-0.203989132056
1.0,-0.2013790282
1.0,-0.196954825337
1.0,-0.191119547398
1.0,-0.184215061248
1.0,-0.175913345013
1.0,-0.166274368638
1.0,-0.155675428358
1.0,-0.143977070964
1.0,-0.131122826761
1.0,-0.117190712979
1.0,-0.102209067567
1.0,-0.0864467563086
1.0,-0.0698428614335
1.0,-0.0528535284732
1.0,-0.0354777901519
1.0,-0.0176957670297
1.0,0.000587058579074
1.0,0.020305975635
1.0,0.0324946477881
1.0,0.0324946996838
1.0,0.0324948120823
1.0,0.0703789986783
1.0,0.0893847997945
1.0,0.122779153667
1.0,0.156152952865
1.0,0.190098518357
1.0,0.224427622978
1.0,0.259437282947
1.0,0.294614178142
1.0,0.331100355499
1.0,0.368430208035
1.0,0.40690489848
1.0,0.446436478533
1.0,0.487239673744
1.0,0.529257019978
1.0,0.573238538686
1.0,0.61907922993
1.0,0.666406117343
1.0,0.715362589216
1.0,0.34071574363
1.0,0.180509547504
1.0,0.17943876892
1.0,0.1785473623
1.0,0.177836003339
1.0,0.177304868919
1.0,0.176954447148
1.0,0.176784726
1.0,0.176794711712
1.0,0.028209586459
1.0,-0.155182419543
1.0,-0.150822036939
1.0,-0.145572509705
1.0,-0.139397865921
1.0,-0.132496473341
1.0,-0.124938404118
1.0,-0.116687265831
1.0,-0.107710573529
1.0,-0.0981465840224
1.0,-0.0878157807605
1.0,-0.0770459682342
1.0,-0.0657734337876
1.0,-0.0540735802422
1.0,-0.0421577387725
1.0,-0.0300935059814
1.0,-0.0177185206006
1.0,-0.00532035950186
1.0,0.00741182937372
1.0,0.0201401017859
1.0,0.0324199991646
1.0,0.0325057493232
1.0,0.0325058012543
1.0,0.0325059288866
1.0,0.0798904005767
1.0,0.0806795822922
1.0,0.106689174329
1.0,0.133012839828
1.0,0.1599835676
1.0,0.187683622304
1.0,0.215844691276
1.0,0.244585737813
1.0,0.273754657201
1.0,0.303890378914
1.0,0.335015535385
1.0,0.367119129195
1.0,0.400193385626
1.0,0.434523702483
1.0,0.469915326177
1.0,0.506522596251
1.0,0.545018173587
1.0,0.58478134511
1.0,0.625808836104
1.0,0.668300846909
1.0,0.709023954386
1.0,0.220669954194
1.0,0.222092122036
1.0,0.223425588421
1.0,0.224670689664
1.0,0.225827738876
1.0,0.226897026166
1.0,0.22787881884
1.0,0.228773559166
1.0,0.229581073977
1.0,0.230301760906
1.0,0.230935797616
1.0,0.231483339687
1.0,0.231941336062
1.0,-0.0470510279551
1.0,-0.0478980431057
1.0,-0.0483943489775
1.0,-0.0485787970533
1.0,-0.0484563016529
1.0,-0.0480227217996
1.0,-0.0473024592601
1.0,-0.0463132650435
1.0,-0.0450681280259
1.0,-0.0435645560501
1.0,-0.041813109923
1.0,-0.0398075293939
1.0,-0.0375707500132
1.0,-0.0351157301175
1.0,-0.0324190294206
1.0,-0.029511858639
1.0,-0.0264217361346
1.0,-0.0231601491181
1.0,-0.0197010400954
1.0,-0.016082804896
1.0,-0.0123346785689
1.0,-0.00846626508669
1.0,-0.00449269162412
1.0,-0.000421083371696
1.0,0.00378653999478
1.0,0.00804494485301
1.0,0.0123739406467
1.0,0.0168202307902
1.0,0.0213398074987
1.0,0.0258418327756
1.0,0.0310209043137
1.0,0.0325214178914
1.0,0.0325214698726
1.0,0.032521521854
1.0,0.0325216325321
1.0,0.0692446354894
1.0,0.0972256293482
1.0,0.126799100945
1.0,0.157394796792
1.0,0.188589618781
1.0,0.219983030645
1.0,0.252217607483
1.0,0.284694971454
1.0,0.318515137932
1.0,0.353291020359
1.0,0.389224534655
1.0,0.426307399751
1.0,0.464806140858
1.0,0.504598055046
1.0,0.545886892952
1.0,0.5894851493
1.0,0.634606300848
1.0,0.681183457868
1.0,0.729467404323
1.0,0.779544797287
1.0,0.83271034907
1.0,0.888072598464
1.0,0.945684759217
1.0,0.965892792078
1.0,0.965938646924
1.0,0.965984506123
1.0,0.966030369678
1.0,0.966076237587
1.0,0.966122109853
1.0,0.966167986474
1.0,0.96619921508
1.0,0.657668925306
1.0,0.662785995383
1.0,0.667929083518
1.0,0.673098184596
1.0,0.678293595564
1.0,0.683511980531
1.0,0.688545468387
1.0,0.693057900071
1.0,0.697018608687
1.0,0.700427717324
1.0,0.703285622678
1.0,0.705591787146
1.0,0.707346853026
1.0,0.70852468956
1.0,-0.0328377880621
1.0,-0.117090432582
1.0,-0.125235361897
1.0,-0.13201064626
1.0,-0.137446388476
1.0,-0.141563911187
1.0,-0.144395554099
1.0,-0.14581521688
1.0,-0.14592200169
1.0,-0.144664820824
1.0,-0.142177717498
1.0,-0.138743338589
1.0,-0.134253606353
1.0,-0.128614771992
1.0,-0.122053524885
1.0,-0.114632575868
1.0,-0.106296968062
1.0,-0.0970850425365
1.0,-0.0869428510176
1.0,-0.075977640658
1.0,-0.0643215190857
1.0,-0.051970973899
1.0,-0.0392377801471
1.0,-0.0262130936549
1.0,-0.0127383545496
1.0,0.000803413814029
1.0,0.0149609269727
1.0,0.0308996519756
1.0,0.0325620451136
1.0,0.0325620972247
1.0,0.0325621976365
1.0,0.0627432459217
1.0,0.0639596274613
1.0,0.0793858172034
1.0,0.0948295222526
1.0,0.110270629834
1.0,0.126421090294
1.0,0.142764904387
1.0,0.15912751347
1.0,0.175728551726
1.0,0.192590844648
1.0,0.209562187605
1.0,0.226640883758
1.0,0.244057066313
1.0,0.261756077866
1.0,0.279987142444
1.0,0.298555927297
1.0,0.317478557891
1.0,0.336859719067
1.0,0.356898987259
1.0,0.377384048069
1.0,0.398347111105
1.0,0.41990103403
1.0,0.442125928113
1.0,0.46498768146
1.0,0.488316672191
1.0,0.512179307818
1.0,0.536594732798
1.0,0.283978092469
1.0,0.220700365205
1.0,0.218485015449
1.0,0.216120985771
1.0,0.213606807039
1.0,0.210941837475
1.0,0.208124276009
1.0,0.205153149062
1.0,0.20202704351
1.0,0.19876515945
1.0,0.0411684121986
1.0,-0.185706068496
1.0,-0.177367198258
1.0,-0.167652599666
1.0,-0.156884838642
1.0,-0.144920325186
1.0,-0.131756999641
1.0,-0.117391991665
1.0,-0.101997949838
1.0,-0.0857124395813
1.0,-0.0686414840069
1.0,-0.0511704296361
1.0,-0.0332225320501
1.0,-0.0149440215689
1.0,0.00401062162931
1.0,0.0255460489276
1.0,0.0325753119268
1.0,0.0325753640804
1.0,0.0325754162342
1.0,0.0325755430117
1.0,0.0791859108977
1.0,0.11108896089
1.0,0.14349508877
1.0,0.176219029693
1.0,0.209824866263
1.0,0.243722376184
1.0,0.278010552372
1.0,0.313181439912
1.0,0.349364241583
1.0,0.386606051591
1.0,0.424941328451
1.0,0.464658834039
1.0,0.505641030874
1.0,0.548247595241
1.0,0.593131806635
1.0,0.639639750052
1.0,0.687763303025
1.0,0.737880413506
1.0,0.790586816891
1.0,0.676368200595
1.0,0.230847515572
1.0,0.232751782144
1.0,0.235148194727
1.0,0.237559375758
1.0,0.239857625194
1.0,0.242044058295
1.0,0.244119321899
1.0,0.24608381349
1.0,0.247938325349
1.0,0.249680012776
1.0,-0.00734609462735
1.0,-0.139335171239
1.0,-0.137294818092
1.0,-0.134490474634
1.0,-0.131032280858
1.0,-0.126818778946
1.0,-0.121814298564
1.0,-0.11616796531
1.0,-0.10995613199
1.0,-0.103143970178
1.0,-0.0957017945952
1.0,-0.0877326318377
1.0,-0.0791336052916
1.0,-0.0700714212147
1.0,-0.0606294217542
1.0,-0.0506846943693
1.0,-0.0405071560425
1.0,-0.0301370209829
1.0,-0.0195625289827
1.0,-0.00878252749416
1.0,0.00204168535877
1.0,0.0133224252638
1.0,0.0248175960036
1.0,0.0325901493199
1.0,0.0325902015211
1.0,0.0325903016485
1.0,0.0625115852386
1.0,0.0579093301937
1.0,0.0700101599791
1.0,0.0819478096365
1.0,0.0937491893359
1.0,0.106492416055
1.0,0.119231055637
1.0,0.13192902673
1.0,0.144691715809
1.0,0.157740477697
1.0,0.170850884964
1.0,0.184040386801
1.0,0.197343288737
1.0,0.210785329985
1.0,0.224563587546
1.0,0.238752302612
1.0,0.253238229984
1.0,0.268045943564
1.0,0.283323979067
1.0,0.299265546872
1.0,0.315652595019
1.0,0.332512421288
1.0,0.350020352696
1.0,0.36809539341
1.0,0.386790255981
1.0,0.406045309599
1.0,0.425783975706
1.0,0.44616757645
1.0,0.467312970074
1.0,0.489317663694
1.0,0.512081475006
1.0,0.535663207362
1.0,0.559811997628
1.0,0.584826385504
1.0,0.610745579316
1.0,0.637856255173
1.0,0.666077018863
1.0,0.695253103214
1.0,0.725470675747
1.0,0.757183904692
1.0,0.789935070379
1.0,0.823747892314
1.0,0.858625116399
1.0,0.894799553337
1.0,0.932123618956
1.0,0.575617060778
1.0,0.472634671233
1.0,0.474136297952
1.0,0.475766394758
1.0,0.477388175566
1.0,0.478951597823
1.0,0.480457349943
1.0,0.481905350161
1.0,0.483295764026
1.0,0.484631281843
1.0,0.485915084117
1.0,0.487147807406
1.0,0.48832932373
1.0,0.489476914809
1.0,0.49065546579
1.0,0.491879265434
1.0,0.493150469664
1.0,0.494515238039
1.0,0.496020300355
1.0,0.497667740801
1.0,0.499456583133
1.0,0.501389567917
1.0,0.503487375403
1.0,0.505759031628
1.0,0.508190227487
1.0,-0.0395589995683
1.0,-0.151959012206
1.0,-0.155977153715
1.0,-0.158744798274
1.0,-0.16029300299
1.0,-0.160537532592
1.0,-0.159494914147
1.0,-0.157230851941
1.0,-0.15376666638
1.0,-0.149379949711
1.0,-0.144134540352
1.0,-0.13789592961
1.0,-0.130741378512
1.0,-0.122895641068
1.0,-0.114309805274
1.0,-0.1049525959
1.0,-0.0949428050469
1.0,-0.0841605141208
1.0,-0.0728839062525
1.0,-0.0611109963097
1.0,-0.0489297602775
1.0,-0.0365650962706
1.0,-0.0240833754493
1.0,-0.0113502747929
1.0,0.00131074783576
1.0,0.0143766452779
1.0,0.0292165124941
1.0,0.0326346309433
1.0,0.0326346832871
1.0,0.0326347618649
1.0,0.0489909068215
1.0,0.084786883173
1.0,0.115581600587
1.0,0.147337135192
1.0,0.179333704916
1.0,0.212987331666
1.0,0.246670031117
1.0,0.28134482323
1.0,0.316501219055
1.0,0.353139922534
1.0,0.390680602921
1.0,0.429508125178
1.0,0.469364530904
1.0,0.510431265847
1.0,0.552635265828
1.0,0.596234279182
1.0,0.642109863014
1.0,0.689481426688
1.0,0.738152596246
1.0,0.464330643598
1.0,0.284902621282
1.0,0.287785180647
1.0,0.290541107323
1.0,0.293171298256
1.0,0.295677114741
1.0,0.298059175617
1.0,0.300318565099
1.0,0.302450197585
1.0,-0.0840915883865
1.0,-0.132970504045
1.0,-0.126713567211
1.0,-0.119423429513
1.0,-0.111263177123
1.0,-0.102178141584
1.0,-0.0922076203552
1.0,-0.0813501328161
1.0,-0.0697630840973
1.0,-0.0575371656025
1.0,-0.0447634205705
1.0,-0.0316960048844
1.0,-0.0183267445864
1.0,-0.00474040460871
1.0,0.00918654855518
1.0,0.0249557464545
1.0,0.0326488725217
1.0,0.0326489249112
1.0,0.0326489773008
1.0,0.0326490898923
1.0,0.0701667310761
1.0,0.092405523331
1.0,0.116664204345
1.0,0.140930252136
1.0,0.165294949734
1.0,0.190823218059
1.0,0.216204799343
1.0,0.241996848419
1.0,0.268114493317
1.0,0.218882056955
1.0,0.118944511506
1.0,0.119013888208
1.0,0.119059602674
1.0,0.119081114924
1.0,0.0397342018339
1.0,-0.0152650036781
1.0,-0.0107629023754
1.0,-0.00606712181756
1.0,-0.00120605496334
1.0,0.00383433987913
1.0,0.00900005414886
1.0,0.0142593353745
1.0,0.0197084142475
1.0,0.0251806521206
1.0,0.0324815643378
1.0,0.0326527865368
1.0,0.0326528389388
1.0,0.0326529554914
1.0,0.0726267444083
1.0,0.0983500583733
1.0,0.126365244673
1.0,0.154492296093
1.0,0.18250927974
1.0,0.211711345078
1.0,0.240606915762
1.0,0.270289418739
1.0,0.299864829192
1.0,0.330408056591
1.0,0.36148862492
1.0,0.393125474144
1.0,0.425506675345
1.0,0.458508910409
1.0,0.492273258522
1.0,0.526718088555
1.0,0.56190657581
1.0,0.598690514679
1.0,0.63647959987
1.0,0.675163009146
1.0,0.300090323624
1.0,0.274373190552
1.0,0.272209922306
1.0,0.269995677486
1.0,0.267730257188
1.0,0.265413123712
1.0,0.263043893656
1.0,0.260622173609
1.0,0.25814772676
1.0,0.255617293898
1.0,0.0397563118096
1.0,-0.0610243200485
1.0,-0.0604344589006
1.0,-0.0593072772918
1.0,-0.0576962137937
1.0,-0.055589426165
1.0,-0.0530013919963
1.0,-0.0499361894118
1.0,-0.0464405137721
1.0,-0.0424756031895
1.0,-0.0381103880379
1.0,-0.0333937730479
1.0,-0.0282941756146
1.0,-0.0228733878937
1.0,-0.0171936221922
1.0,-0.0112836734294
1.0,-0.00514691830521
1.0,0.00122610196601
1.0,0.00773572078667
1.0,0.014488075243
1.0,0.0214074594449
1.0,0.0292040073386
1.0,0.032667833043
1.0,0.0326678854933
1.0,0.0326679379438
1.0,0.0326681107228
1.0,0.107613275716
1.0,0.16562850092
1.0,0.22417199643
1.0,0.284870812493
1.0,0.345345223421
1.0,0.406880039369
1.0,0.470200207966
1.0,0.535211475544
1.0,0.602110919381
1.0,0.671015076275
1.0,0.740918534151
1.0,0.813966167636
1.0,0.889406050453
1.0,0.967956299132
1.0,0.970086604059
1.0,0.970132857973
1.0,0.970155379179
1.0,0.472347282679
1.0,0.363632403572
1.0,0.360989877635
1.0,0.358604019033
1.0,0.356476175059
1.0,0.354607979878
1.0,0.353000902845
1.0,0.351655565777
1.0,0.350573099444
1.0,0.349754009885
1.0,0.349191501058
1.0,-0.106212490873
1.0,-0.124942614871
1.0,-0.125979146582
1.0,-0.126115063
1.0,-0.125267243035
1.0,-0.123586595662
1.0,-0.12122888221
1.0,-0.118134524714
1.0,-0.114259637762
1.0,-0.109667557635
1.0,-0.104488499645
1.0,-0.0987171868387
1.0,-0.0923504753629
1.0,-0.0854028385908
1.0,-0.0779481755603
1.0,-0.0698914339236
1.0,-0.061454438733
1.0,-0.0526191151133
1.0,-0.0433974762293
1.0,-0.0339688583811
1.0,-0.0243808199086
1.0,-0.0145902173471
1.0,-0.00468949959262
1.0,0.00523870662132
1.0,0.0155653599188
1.0,0.0263402565867
1.0,0.0326877069499
1.0,0.032687759464
1.0,0.0326878501839
1.0,0.0564693432863
1.0,0.101285627616
1.0,0.145238089437
1.0,0.18871121478
1.0,0.233942756636
1.0,0.279397980597
1.0,0.326064282161
1.0,0.37427392359
1.0,0.424005722904
1.0,0.475360860079
1.0,0.528219038514
1.0,0.582860847014
1.0,0.638936046886
1.0,0.697994675104
1.0,0.759385640481
1.0,0.82264352467
1.0,0.888397605756
1.0,0.768790583291
1.0,0.295429353709
1.0,0.298456117782
1.0,0.301414093793
1.0,0.304272941515
1.0,0.306943752594
1.0,0.309411790205
1.0,0.311678269408
1.0,0.313744673516
1.0,0.315612172043
1.0,0.317279364403
1.0,0.173820788191
1.0,-0.0502914672778
1.0,-0.0514545506493
1.0,-0.0521708724987
1.0,-0.0524732927167
1.0,-0.0523498611944
1.0,-0.0517990995924
1.0,-0.0508388683358
1.0,-0.0495002164189
1.0,-0.0478038241889
1.0,-0.0457469732859
1.0,-0.0433401979392
1.0,-0.0405905998719
1.0,-0.0375316668785
1.0,-0.034145531716
1.0,-0.0304659540433
1.0,-0.0265384623171
1.0,-0.0223668077091
1.0,-0.017940940826
1.0,-0.0133375076213
1.0,-0.00857418990572
1.0,-0.00367579068173
1.0,0.00137779406042
1.0,0.00654465195789
1.0,0.0117876490639
1.0,0.0171771897854
1.0,0.0226393427445
1.0,0.0280237281471
1.0,0.0328115973206
1.0,0.0327053436784
1.0,0.0327054423936
1.0,0.0614130547765
1.0,0.0954343824683
1.0,0.1321742942
1.0,0.169091720397
1.0,0.206301292545
1.0,0.244588198615
1.0,0.283327394787
1.0,0.322426139356
1.0,0.363062965241
1.0,0.404542154753
1.0,0.447149127966
1.0,0.216639501081
1.0,0.137009846739
1.0,0.13701786662
1.0,0.137040200929
1.0,0.137076185058
1.0,0.0564883054781
1.0,-0.0825203613319
1.0,-0.0737665072917
1.0,-0.0644128857902
1.0,-0.0545423799857
1.0,-0.0441278029875
1.0,-0.0334147197291
1.0,-0.0224715630701
1.0,-0.011187010414
1.0,0.000201975406777
1.0,0.0119698655803
1.0,0.0242736912673
1.0,0.0327105941045
1.0,0.0327106466922
1.0,0.0327107571677
1.0,0.0687182486852
1.0,0.0997202259024
1.0,0.132526148219
1.0,0.165685782241
1.0,0.199272624991
1.0,0.233590753748
1.0,0.268426481222
1.0,0.303686587642
1.0,0.340044093612
1.0,0.37741095677
1.0,0.415714221996
1.0,0.455112590582
1.0,0.495566514438
1.0,0.537144158691
1.0,0.579812941779
1.0,0.624518591541
1.0,0.670997678376
1.0,0.718913776668
1.0,0.768168323438
1.0,0.819097494333
1.0,0.872456958396
1.0,0.928505572011
1.0,0.971491045089
1.0,0.971537433032
1.0,0.971571270295
1.0,0.708662101345
1.0,0.481502726598
1.0,0.484175831032
1.0,0.486988868291
1.0,0.489941059182
1.0,0.493030944531
1.0,0.496258074953
1.0,0.499620693174
1.0,0.50311805034
1.0,0.506748725889
1.0,0.510511468365
1.0,0.51439490047
1.0,0.111283477165
1.0,-0.0995179877971
1.0,-0.101812414796
1.0,-0.10293034006
1.0,-0.102958152034
1.0,-0.101887730931
1.0,-0.0998892433358
1.0,-0.0970591194633
1.0,-0.093336424183
1.0,-0.08876337732
1.0,-0.0834970668431
1.0,-0.0775894862231
1.0,-0.0710849183415
1.0,-0.0640453091404
1.0,-0.0564110401144
1.0,-0.0483195568671
1.0,-0.0397892359325
1.0,-0.0308455852924
1.0,-0.0216395297347
1.0,-0.0122174423116
1.0,-0.00246878224191
1.0,0.00738624590588
1.0,0.0176686821374
1.0,0.0303008314698
1.0,0.0327395971759
1.0,0.0327396498569
1.0,0.0327397025381
1.0,0.032739839463
1.0,0.085094900459
1.0,0.117732865657
1.0,0.151142044765
1.0,0.18443202845
1.0,0.218708837409
1.0,0.252938738952
1.0,0.287751122513
1.0,0.322650973579
1.0,0.358637519942
1.0,0.395327173283
1.0,0.432618862115
1.0,0.470786571706
1.0,0.50958712208
1.0,0.549215506051
1.0,0.589593880029
1.0,0.499480986895
1.0,0.241007679124
1.0,0.239077573981
1.0,0.237088107978
1.0,0.235038699331
1.0,0.232929183673
1.0,0.230758804937
1.0,0.22852722474
1.0,0.226232415678
1.0,0.0732180529361
1.0,-0.0403251910009
1.0,-0.0394069476991
1.0,-0.0380648513919
1.0,-0.0363013279473
1.0,-0.0341427966138
1.0,-0.0316050088343
1.0,-0.0286670884491
1.0,-0.0253989472812
1.0,-0.0218214144156
1.0,-0.0179017510603
1.0,-0.0137136185853
1.0,-0.00928750165701
1.0,-0.00464645621791
1.0,0.000202862010306
1.0,0.00526971093924
1.0,0.0104740178361
1.0,0.0158513135827
1.0,0.0214434559788
1.0,0.0270145910275
1.0,0.0333054457024
1.0,0.0327513015976
1.0,0.03275144755
1.0,0.0906729134427
1.0,0.0798847435044
1.0,0.101358129253
1.0,0.122572868231
1.0,0.144460826246
1.0,0.166464597113
1.0,0.1883846362
1.0,0.21049515984
1.0,0.232796067715
1.0,0.255073577181
1.0,0.277897267658
1.0,0.301164139872
1.0,0.324987762248
1.0,0.349395629075
1.0,0.374410857542
1.0,0.400350731814
1.0,0.427017068908
1.0,0.454536115446
1.0,0.483102834976
1.0,0.512895446308
1.0,0.543605666982
1.0,0.575314499629
1.0,0.608193842365
1.0,0.642405109568
1.0,0.677939657634
1.0,0.715198099041
1.0,0.753959047904
1.0,0.794388674372
1.0,0.836742268294
1.0,0.880853475955
1.0,0.926947758058
1.0,0.972860122935
1.0,0.972906641717
1.0,0.972953164948
1.0,0.972999692629
1.0,0.97304622476
1.0,0.973092761342
1.0,0.973139302375
1.0,0.973185847861
1.0,0.973221258429
1.0,0.740365890609
1.0,0.752480788991
1.0,0.765720422175
1.0,0.780083686333
1.0,0.795280078326
1.0,0.809935866261
1.0,0.823642823183
1.0,0.836402251654
1.0,0.848214747199
1.0,0.859081136919
1.0,0.869002479115
1.0,0.877978813659
1.0,0.886011349322
1.0,0.893100589174
1.0,0.899246331455
1.0,0.904449543256
1.0,0.908669905722
1.0,0.0033013532088
1.0,-0.0302659870589
1.0,-0.0405386503945
1.0,-0.049701974868
1.0,-0.0577744145838
1.0,-0.0647749558424
1.0,-0.0707222021176
1.0,-0.075637376294
1.0,-0.0794933442302
1.0,-0.08230874916
1.0,-0.0841011843879
1.0,-0.0848873775645
1.0,-0.0847869672351
1.0,-0.0838421595842
1.0,-0.0820068317883
1.0,-0.0793549410232
1.0,-0.0760193116375
1.0,-0.0719814511105
1.0,-0.0672211897633
1.0,-0.0617816014679
1.0,-0.0556040386487
1.0,-0.0487913690923
1.0,-0.0413669915163
1.0,-0.0332884479615
1.0,-0.0247277603516
1.0,-0.0157426717961
1.0,-0.00624078714417
1.0,0.0035803632693
1.0,0.0139604046674
1.0,0.0252365098166
1.0,0.0328077160697
1.0,0.0328077689702
1.0,0.0328079460582
1.0,0.109826735784
1.0,0.111876332932
1.0,0.152525249745
1.0,0.192938017955
1.0,0.234393077794
1.0,0.275500930455
1.0,0.317681410484
1.0,0.360063870992
1.0,0.40394490988
1.0,0.448353734644
1.0,0.493858948639
1.0,0.540205611807
1.0,0.587599475767
1.0,0.635881210993
1.0,0.289838181908
1.0,0.197547475956
1.0,0.194138213721
1.0,0.190775360285
1.0,0.187459265059
1.0,0.184190581963
1.0,0.180970117483
1.0,0.177796654142
1.0,-0.0202787793922
1.0,-0.077967389741
1.0,-0.0749323340242
1.0,-0.0713422158197
1.0,-0.0671830305774
1.0,-0.0625259934519
1.0,-0.0573213550562
1.0,-0.0516428630702
1.0,-0.0455675538804
1.0,-0.0390423100048
1.0,-0.0321591633498
1.0,-0.0249972199525
1.0,-0.0175940358321
1.0,-0.00991827990232
1.0,-0.00202651251061
1.0,0.00600798133307
1.0,0.0144153693725
1.0,0.0228505064615
1.0,0.0326040354482
1.0,0.0328173711667
1.0,0.0328174240983
1.0,0.0328175500685
1.0,0.0781014548443
1.0,0.11388767357
1.0,0.15268005079
1.0,0.191139165073
1.0,0.231083300934
1.0,0.271007647935
1.0,0.31130539633
1.0,0.35292685071
1.0,0.395406864569
1.0,0.439091792353
1.0,0.483814392461
1.0,0.529784607826
1.0,0.576947922412
1.0,0.626495591362
1.0,0.677986349234
1.0,0.731011889268
1.0,0.78580387394
1.0,0.843038999768
1.0,0.291693466147
1.0,0.220684512045
1.0,0.21772418906
1.0,0.214895691757
1.0,0.212199875105
1.0,0.209638190217
1.0,0.207211399175
1.0,0.204907054671
1.0,0.202663485165
1.0,0.200460309085
1.0,-0.0415896735532
1.0,-0.144040519668
1.0,-0.1419109323
1.0,-0.139134073033
1.0,-0.135586703481
1.0,-0.131208351754
1.0,-0.126108069438
1.0,-0.120426788174
1.0,-0.114110279139
1.0,-0.107149133066
1.0,-0.0995705626983
1.0,-0.0914153534913
1.0,-0.08260362208
1.0,-0.0733652054209
1.0,-0.0636496522149
1.0,-0.0534861553701
1.0,-0.0430656109387
1.0,-0.0324333804531
1.0,-0.0215202323251
1.0,-0.0104255725288
1.0,0.00075860195293
1.0,0.0125129922313
1.0,0.0240936322507
1.0,0.0328308195989
1.0,0.0328308725739
1.0,0.032830925549
1.0,0.032831037623
1.0,0.0694571555457
1.0,0.0982703816413
1.0,0.127405745236
1.0,0.157237586709
1.0,0.187976171992
1.0,0.218925635013
1.0,0.25047257642
1.0,0.16228970613
1.0,0.031324935063
1.0,0.0312328259839
1.0,0.0311408448686
1.0,0.0310489146942
1.0,-0.0601643786813
1.0,-0.0531287610454
1.0,-0.0436737807705
1.0,-0.0340277838097
1.0,-0.0242385620354
1.0,-0.0141334552425
1.0,-0.00399715600871
1.0,0.00637766684305
1.0,0.0169785899046
1.0,0.028354502298
1.0,0.0328329922495
1.0,0.0328330452316
1.0,0.0328330982137
1.0,0.0328331838569
1.0,0.0530732254377
1.0,0.0662476091767
1.0,0.0792693134415
1.0,0.0923000145056
1.0,0.106252588158
1.0,0.120294201947
1.0,0.134231619466
1.0,0.148606175079
1.0,0.163147437391
1.0,0.177870470767
1.0,0.193037570694
1.0,0.208532679216
1.0,0.224743825027
1.0,0.241559021409
1.0,0.258923895337
1.0,0.276921048208
1.0,0.295984773344
1.0,0.315791494266
1.0,0.336414078575
1.0,0.358016065625
1.0,0.380594481481
1.0,0.404195723683
1.0,0.428644908049
1.0,0.454153002536
1.0,0.480881769728
1.0,0.508955553064
1.0,0.538275664395
1.0,0.568851229044
1.0,0.600649430096
1.0,0.633903818927
1.0,0.668895000358
1.0,0.705681287719
1.0,0.744096305528
1.0,0.784432911011
1.0,0.826826891807
1.0,0.870925839324
1.0,0.729419172168
1.0,0.405249923558
1.0,0.41622672799
1.0,0.427381877245
1.0,0.438563938824
1.0,0.449770665554
1.0,0.46100008523
1.0,0.472147828535
1.0,0.482931130718
1.0,0.493309283575
1.0,0.503290759103
1.0,0.512883613036
1.0,0.522095501995
1.0,0.530922838252
1.0,0.539289339005
1.0,0.547164178099
1.0,0.554545269593
1.0,0.184065252115
1.0,-0.0387392839036
1.0,-0.0430468501129
1.0,-0.0467221464402
1.0,-0.0497726236054
1.0,-0.0521815206956
1.0,-0.0539947909311
1.0,-0.0552037726857
1.0,-0.0558442960261
1.0,-0.0559661798137
1.0,-0.0556183406285
1.0,-0.0547816511245
1.0,-0.0534473769954
1.0,-0.0516586050001
1.0,-0.0494626940699
1.0,-0.0468588581841
1.0,-0.0438550628104
1.0,-0.0404601875644
1.0,-0.0367142895529
1.0,-0.0325754754313
1.0,-0.0281303080664
1.0,-0.0234079442862
1.0,-0.018362280842
1.0,-0.0130995387823
1.0,-0.00764335456006
1.0,-0.00202250229012
1.0,0.00381077382705
1.0,0.00975283520571
1.0,0.015833351022
1.0,0.0221130187265
1.0,0.0292889539747
1.0,0.0328674191462
1.0,0.0328674722394
1.0,0.0328676605245
1.0,0.116558871897
1.0,0.117693940127
1.0,0.160703449944
1.0,0.203566133673
1.0,0.247784444463
1.0,0.29156018111
1.0,0.336396301841
1.0,0.381483182735
1.0,0.427952124119
1.0,0.475049263772
1.0,0.523118244476
1.0,0.572188855084
1.0,0.622088433776
1.0,0.672767714708
1.0,0.725630096991
1.0,0.77987822832
1.0,0.835171892929
1.0,0.892118774511
1.0,0.951187835822
1.0,0.976113528605
1.0,0.976160359048
1.0,0.976207193984
1.0,0.976254033416
1.0,0.976300877342
1.0,0.976347725764
1.0,0.976394578682
1.0,0.976438293889
1.0,0.910990961795
1.0,0.639649735537
1.0,0.628190517802
1.0,0.617972350038
1.0,0.608315826508
1.0,0.599232573778
1.0,0.590733634567
1.0,0.582829694213
1.0,0.575530018524
1.0,0.568844231313
1.0,0.562780478304
1.0,0.557346436284
1.0,0.552539860045
1.0,0.200941607728
1.0,-0.179448935756
1.0,-0.186689933271
1.0,-0.192304147231
1.0,-0.196334642737
1.0,-0.198814542011
1.0,-0.199784131255
1.0,-0.198985590055
1.0,-0.196692059163
1.0,-0.192721326533
1.0,-0.187410464675
1.0,-0.181143957462
1.0,-0.173643672501
1.0,-0.164883582613
1.0,-0.155194662523
1.0,-0.144602456223
1.0,-0.133049316268
1.0,-0.120647286676
1.0,-0.107254289796
1.0,-0.0931979043684
1.0,-0.0784679767779
1.0,-0.0632099356082
1.0,-0.0477067877044
1.0,-0.0319512129174
1.0,-0.0159540607313
1.0,0.000248377905188
1.0,0.0169037218038
1.0,0.0328024294692
1.0,0.0329030511596
1.0,0.0329031043679
1.0,0.0329032083113
1.0,0.0642769358223
1.0,0.0881566343275
1.0,0.114617037017
1.0,0.141884864519
1.0,0.169652340439
1.0,0.19794329338
1.0,0.226790453409
1.0,0.256084620424
1.0,0.285977390698
1.0,0.316810393521
1.0,0.348583945626
1.0,0.381335227169
1.0,0.415128300553
1.0,0.450111104235
1.0,0.486172225958
1.0,0.523592929353
1.0,0.562787136735
1.0,0.603221041232
1.0,0.644908405464
1.0,0.688151532041
1.0,0.732922466063
1.0,0.78007594627
1.0,0.829137398397
1.0,0.880251840507
1.0,0.933459504478
1.0,0.977257784503
1.0,0.977304724807
1.0,0.977351669621
1.0,0.977398618946
1.0,0.977445572781
1.0,0.977492531128
1.0,0.977530265367
1.0,0.785467775531
1.0,0.608424225015
1.0,0.608749491691
1.0,0.608969747763
1.0,0.609085021057
1.0,0.609095053983
1.0,0.609000096748
1.0,0.608799849658
1.0,0.608494520883
1.0,0.608083768516
1.0,0.607567758679
1.0,0.606946107059
1.0,0.606218937637
1.0,0.605385823418
1.0,0.604446846063
1.0,0.603389645195
1.0,0.201277894074
1.0,-0.0882186547451
1.0,-0.0965672546533
1.0,-0.103944552781
1.0,-0.110364379529
1.0,-0.115842925029
1.0,-0.120395930002
1.0,-0.124041076471
1.0,-0.126795348942
1.0,-0.128538961658
1.0,-0.129403218381
1.0,-0.129343053688
1.0,-0.128394005302
1.0,-0.126683349155
1.0,-0.124309971307
1.0,-0.12119415628
1.0,-0.117282723785
1.0,-0.112703065853
1.0,-0.107551252029
1.0,-0.101781924759
1.0,-0.0953833511393
1.0,-0.0884079383451
1.0,-0.0808434948428
1.0,-0.0726996594802
1.0,-0.064140694207
1.0,-0.0550848724939
1.0,-0.045646051866
1.0,-0.0359455425744
1.0,-0.0260327506714
1.0,-0.0158019151841
1.0,-0.0054345562175
1.0,0.00510599367888
1.0,0.0160753185426
1.0,0.028089382594
1.0,0.0329441696157
1.0,0.0329442229571
1.0,0.032944281191
1.0,0.0359659610872
1.0,0.0788460252438
1.0,0.108527354751
1.0,0.13882739703
1.0,0.169660880066
1.0,0.201342059088
1.0,0.233395576138
1.0,0.265932693305
1.0,0.299129064868
1.0,0.333364471252
1.0,0.256470654556
1.0,0.0586451433029
1.0,0.0583622842943
1.0,0.0581110691101
1.0,0.0578914340637
1.0,0.0217986268383
1.0,-0.103661799754
1.0,-0.0913593216097
1.0,-0.0785156697577
1.0,-0.0650166977725
1.0,-0.0512360762911
1.0,-0.0372482790488
1.0,-0.0228772738246
1.0,-0.00842287428905
1.0,0.00650959528651
