1.0,0.0621667149851
1.0,0.283517909844
1.0,0.431849383109
1.01267727444,0.575773530307
1.02271689295,0.720760380194
1.03503788799,0.861853133779
1.04969063378,0.922908421944
1.06673113651,0.922972157682
1.08621271706,0.92303719307
1.10820730758,0.923103681218
1.13280100768,0.923168728911
1.10810114559,0.923227438726
1.0,0.923222801807
1.0,-0.072910882281
1.0,-0.251377633763
1.0,-0.243496139837
1.0,-0.21106483143
1.0,-0.179526422607
1.0,-0.14779505306
1.0,-0.116284694631
1.0,-0.0843201073783
1.0,-0.052039801483
1.0,-0.0198380600531
1.0,0.011904191978
1.0,0.0508192436489
1.0,0.0621689547992
1.0,0.062203821373
1.0,0.239838031482
1.0,0.380247489871
1.0,0.519926430331
1.0,0.66994584895
1.0,0.818112952739
1.02501442737,0.923440117942
1.04081232967,0.923502334778
1.05910802203,0.923565785991
1.07997368225,0.923630628125
1.10349460186,0.923694563404
1.08790989402,0.923753340123
1.0,0.923748500675
1.0,-0.0760521468883
1.0,-0.247377555358
1.0,-0.232990103158
1.0,-0.200908711496
1.0,-0.1691984097
1.0,-0.137618365603
1.0,-0.105995789204
1.0,-0.0738300082541
1.0,-0.0414582247347
1.0,-0.00951363685665
1.0,0.0245589486553
1.0,0.0577600712882
1.0,0.0622386699069
1.0,0.06223972906
1.0,0.247052480097
1.0,0.390889844316
1.0,0.530219563691
1.0,0.67889899531
1.0,0.826526857077
1.0,0.923973558185
1.0295817759,0.924020498
1.0,0.737494792425
1.0,-0.0650887413239
1.0,-0.150674342128
1.0,-0.119162253386
1.0,-0.0872231772888
1.0,-0.0549403741571
1.0,-0.0226359397759
1.0,0.00917082618792
1.0,0.0470077485269
1.0,0.0622411499367
1.0,0.0622609781141
1.0,0.235448864085
1.0,0.375200970136
1.0,0.51322149656
1.0,0.66121037361
1.0,0.807493802075
1.0,0.924284226742
1.0227223301,0.924345508333
1.04128409022,0.924408042336
1.06242248764,0.9244719861
1.08622500365,0.924537503218
1.11279605713,0.924586200628
1.0,0.764640268347
1.0,-0.108304199023
1.0,-0.255121471193
1.0,-0.222833299477
1.0,-0.191059334301
1.0,-0.159183675592
1.0,-0.127726978118
1.0,-0.0959701757318
1.0,-0.0636572557473
1.0,-0.0312277337346
1.0,0.000665126301972
1.0,0.0339118338466
1.0,0.0622442380587
1.0,0.0622951986201
1.0,0.104306130091
1.0,0.248063283776
1.0,0.389884351775
1.0,0.528181577081
1.0,0.67491144766
1.0,0.820911979064
1.0,0.924810388208
1.0,0.924863738454
1.0,0.83745356644
1.0,-0.0692096233916
1.0,-0.154349494186
1.0,-0.122845304244
1.0,-0.0909513435447
1.0,-0.0586791927233
1.0,-0.0262514468031
1.0,0.00562035564183
1.0,0.0404628501956
1.0,0.0623166457978
1.0,0.0623173814577
1.0,0.171380522872
1.0,0.313090087365
1.0,0.45037679481
1.0,0.591493800399
1.0,0.735363830432
1.0,0.884086048761
1.0,0.925159660718
1.0,0.925220253663
1.02763601199,0.925282120475
1.04910150276,0.925345417645
1.07321150189,0.925404404652
1.0,0.9254080367
1.0,0.0569760585289
1.0,-0.221671455713
1.0,-0.250231615854
1.0,-0.217768433574
1.0,-0.186129330672
1.0,-0.154233147679
1.0,-0.122710083705
1.0,-0.0907949840924
1.0,-0.0585030590155
1.0,-0.0260631989341
1.0,0.00582372764322
1.0,0.0408180863852
1.0,0.06234986179
1.0,0.0623506699307
1.0,0.188165592956
1.0,0.322214962543
1.0,0.456139352884
1.0,0.595089840814
1.0,0.224795315239
1.0,-0.0585865228532
1.0,-0.0342589727353
1.0,-0.00232743304705
1.0,0.0293907348598
1.0,0.0622646756132
1.0,0.0748153636262
1.0,0.207332246919
1.0,0.338808374452
1.0,0.471942113693
1.0,0.611143555687
1.0,0.750730862623
1.0,0.898239601729
1.0,0.925779766872
1.0,0.925838809271
1.0,0.925899379771
1.02574889542,0.925961449878
1.05100522381,0.926025193826
1.07920096333,0.926090793695
1.11046704466,0.926158440866
1.14495880318,0.926228337831
1.18286188401,0.926287437461
1.0,0.926346544634
1.0,0.926337706484
1.0,-0.13850185089
1.0,-0.380099854534
1.0,-0.349938267022
1.0,-0.320016151883
1.0,-0.289907644607
1.0,-0.258855208346
1.0,-0.226605206862
1.0,-0.194666473333
1.0,-0.16277650327
1.0,-0.131215143334
1.0,-0.0994511297271
1.0,-0.0670971967126
1.0,-0.0346145977691
1.0,-0.00265763227711
1.0,0.0304454330899
1.0,0.0621792563957
1.0,0.0624075817692
1.0,0.0624078500549
1.0,0.0624086652416
1.0,0.189629792353
1.0,0.320926364474
1.0,0.453481566505
1.0,0.59115947694
1.0,0.730618931566
1.0,0.876631385349
1.0,0.53907290083
1.0,-0.101343828183
1.0,-0.103434774218
1.0,-0.0711292352005
1.0,-0.0386493047231
1.0,-0.00668713837935
1.0,0.0262197709023
1.0,0.0601499080073
1.0,0.0624237658089
1.0,0.172941990375
1.0,0.282305199172
1.0,0.41627223649
1.0,0.55188995912
1.0,0.690457535124
1.0,0.833212757144
1.0,0.926726452329
1.0,0.926785615544
1.0,0.926844786314
1.0,0.926905632406
1.02818018398,0.926968051337
1.05461783985,0.927032217664
1.08399346155,0.927098314089
1.11644266929,0.927166532224
1.15211380537,0.927237074008
1.19117885764,0.92729630244
1.0,0.92735553844
1.0,0.927349982955
1.0,-0.0869646454609
1.0,-0.403934186758
1.0,-0.37313087213
1.0,-0.343165215071
1.0,-0.313165279761
1.0,-0.282976861702
1.0,-0.251548196766
1.0,-0.219043890932
1.0,-0.187315735211
1.0,-0.155354618739
1.0,-0.123777235111
1.0,-0.091816019562
1.0,-0.0594697423635
1.0,-0.0269437224838
1.0,0.00501385235056
1.0,0.0407688058035
1.0,0.0624576948775
1.0,0.0624748494947
1.0,0.144481746938
1.0,0.25497139051
1.0,0.388444080194
1.0,0.521961890473
1.0,0.659841066783
1.0,0.7999438666
1.0,0.927475405878
1.0,0.927534664763
1.0,0.927593931221
1.0,0.927653205253
1.0,0.927715095805
1.04400638059,0.927778750968
1.07362759872,0.927838048624
1.0,0.92789735386
1.0,0.927890684841
1.0,-0.104335355729
1.0,-0.320211569374
1.0,-0.290048697644
1.0,-0.258924914122
1.0,-0.226608342073
1.0,-0.194627171763
1.0,-0.162676801306
1.0,-0.131066537187
1.0,-0.0992445716765
1.0,-0.0668298375577
1.0,-0.0342904447995
1.0,-0.00227844640842
1.0,0.0329581258932
1.0,0.0612015578939
1.0,0.0625153621784
1.0,0.0625161255659
1.0,0.177274320006
1.0,0.282231408225
1.0,0.416109233254
1.0,0.55193670602
1.0,0.690998439488
1.0,0.834642552877
1.0,0.928078749242
1.0,0.62868690104
1.0,-0.0696674036548
1.0,-0.132587013982
1.0,-0.100767402242
1.0,-0.0683633531688
1.0,-0.0358172919922
1.0,-0.00379628232516
1.0,0.0279255596781
1.0,0.0623165060074
1.0,0.0625342833005
1.0,0.141684544913
1.0,0.278678203452
1.0,0.415225480917
1.0,0.553572413965
1.0,0.695578892936
1.0,0.841913387101
1.0,0.928368067726
1.0,0.928427440739
1.0,0.928488552858
1.02915761292,0.928551210786
1.05504914379,0.928615581148
1.08373525393,0.928681838029
1.11533965628,0.928750163673
1.14999766137,0.928820747246
1.18782347058,0.928893788756
1.22899707804,0.928969498347
1.27368625548,0.929048096461
1.32206116343,0.92910755649
1.0,0.92916702413
1.0,0.929226499384
1.0,0.929285982251
1.0,0.929345472735
1.0,0.929404970836
1.0,0.929397662759
1.0,-0.114146819818
1.0,-0.446487440582
1.0,-0.417215395108
1.0,-0.386425475094
1.0,-0.356003183445
1.0,-0.32601516197
1.0,-0.295841752283
1.0,-0.264933910539
1.0,-0.232738917652
1.0,-0.200520666429
1.0,-0.168598619302
1.0,-0.136855536473
1.0,-0.105031005547
1.0,-0.0726485357857
1.0,-0.0400767411359
1.0,-0.00798435635342
1.0,0.0260452843903
1.0,0.0592182839053
1.0,0.0626096496124
1.0,0.0626107090126
1.0,0.245645675345
1.0,0.377701770438
1.0,0.509364446442
1.0,0.645986720009
1.0,0.719631282226
1.0,0.0546723417783
1.0,-0.0886516732082
1.0,-0.0691846713737
1.0,-0.0365953715712
1.0,-0.00453065941624
1.0,0.0304325550925
1.0,0.0604916248236
1.0,0.0626207349013
1.0,0.0626216486629
1.0,0.211838025208
1.0,0.337604125271
1.0,0.46496950215
1.0,0.597921199442
1.0,0.729478544702
1.0,0.869091200554
1.0,0.929678948809
1.0,0.929738489618
1.0,0.929798038054
1.0,0.929857594119
1.0,0.929917157813
1.0,0.929978883391
1.03616015869,0.930042420946
1.06643338053,0.930107953306
1.09976214615,0.930167549081
1.0,0.930171078438
1.0,0.0550816414424
1.0,-0.222094579502
1.0,-0.374013726147
1.0,-0.34396427169
1.0,-0.31387069554
1.0,-0.283588804599
1.0,-0.252052788448
1.0,-0.219441387973
1.0,-0.187624601369
1.0,-0.155566050124
1.0,-0.123889700045
1.0,-0.0918252802018
1.0,-0.0593767930819
1.0,-0.0267583824187
1.0,0.0052946300733
1.0,0.0438409292452
1.0,0.0965630070875
1.0,0.174912112092
1.0,0.294130386922
1.0,0.411782815718
1.0,0.533139508934
1.0,0.646513788256
1.0,0.384857918502
1.0,-0.0499294601566
1.0,-0.083905618204
1.0,-0.0513707134317
1.0,-0.0189516744178
1.0,0.0130169595855
1.0,0.0511706716691
1.0,0.0626754323597
1.0,0.0626757029533
1.0,0.0626760843295
1.0,0.0883364509316
1.0,0.2165000358
1.0,0.330601508888
1.0,0.446969198233
1.0,0.566170882181
1.0,0.686666201013
1.0,0.814374098847
1.0,0.930491191899
1.0,0.930550836796
1.0,0.930610489341
1.0,0.930670149534
1.0,0.930729817376
1.0,0.930789492871
1.0,0.930849176018
1.0,0.930908866819
1.0,0.930972530555
1.06641725226,0.931032237179
1.0,0.931091951461
1.0,0.93109064808
1.0,-0.0203210013925
1.0,-0.43201368677
1.0,-0.401895539246
1.0,-0.370960446008
1.0,-0.340984317588
1.0,-0.310841475943
1.0,-0.280508221607
1.0,-0.248788783752
1.0,-0.216049576591
1.0,-0.184281076597
1.0,-0.15222790474
1.0,-0.120485189901
1.0,-0.0883162122611
1.0,-0.0557972427208
1.0,-0.0232403338955
1.0,0.0088087275262
1.0,0.0469431307681
1.0,0.0808434530802
1.0,0.179503000447
1.0,0.311217994842
1.0,0.440528240868
1.0,0.57529771124
1.0,0.712275223727
1.0,0.373061116267
1.0,-0.0603346625274
1.0,-0.0759096273888
1.0,-0.0432869984605
1.0,-0.0110479461576
1.0,0.0209151244668
1.0,0.0585643645379
1.0,0.0632298156987
1.0,0.0690578894408
1.0,0.191862019189
1.0,0.32610291142
1.0,0.461791444772
1.0,0.604517946388
1.0,0.750468682788
1.0,0.905098996281
1.0,0.931387351946
1.0,0.931449392077
1.03815496765,0.931513212666
1.06780413606,0.931579000549
1.10056646351,0.931646949296
1.13655242937,0.931717260212
1.17588897466,0.931790144596
1.21874068485,0.931865823629
1.26526983294,0.931944530577
1.31567523658,0.932004361945
1.0,0.932005565084
1.0,0.0187399160763
1.0,-0.311823972446
1.0,-0.380498293802
1.0,-0.350213375984
1.0,-0.320096140614
1.0,-0.28979207517
1.0,-0.258459684131
1.0,-0.22595449728
1.0,-0.193886132895
1.0,-0.161775053722
1.0,-0.130050630971
1.0,-0.0980777791976
1.0,-0.0655002359834
1.0,-0.0328165788278
1.0,-0.000666647567257
1.0,0.0349308480472
1.0,0.0625362504836
1.0,0.062788145931
1.0,0.0627888075043
1.00687661876,0.151919104306
1.01005323584,0.306884237557
1.01546074466,0.451049440491
1.02311475469,0.5950833812
1.03303732145,0.739578964389
1.03464460071,0.881030571928
1.0,0.345621883405
1.0,-0.0976075300408
1.0,-0.0840799268243
1.0,-0.0514787073367
1.0,-0.0189934788849
1.0,0.0130403420524
1.0,0.0545107574389
1.0,0.188565418729
1.0,0.28650837742
1.0,0.435433227
1.00802468567,0.582036983718
1.01632447212,0.729163463875
1.02687606377,0.872672907958
1.03970827422,0.932381632007
1.05486055727,0.932445854866
1.07238660464,0.932511282173
1.09234644349,0.932571186337
1.0,0.93260960383
1.0,0.598027165298
1.0,-0.173677864003
1.0,-0.221700625063
1.0,-0.189746016819
1.0,-0.157597519234
1.0,-0.125851428034
1.0,-0.0937346982719
1.0,-0.0611834629738
1.0,-0.0284678763551
1.0,0.00368508205457
1.0,0.0411592882272
1.0,0.0627020096203
1.0,0.0628369419977
1.0,0.15701552205
1.0,0.296696265986
1.0,0.434966189868
1.0,0.574691440701
1.0,0.716821665815
1.0,0.861954735234
1.0,0.932868275696
1.0,0.932928225737
1.0,0.932988183483
1.0,0.933050605631
1.04096575319,0.933114403524
1.06376406146,0.933179735488
1.08919238849,0.933246765424
1.11734190336,0.933306764123
1.0,0.933310110891
1.0,0.0520562287731
1.0,-0.253681104945
1.0,-0.328792406526
1.0,-0.29849861489
1.0,-0.267527009447
1.0,-0.235238797309
1.0,-0.202831965266
1.0,-0.170793366527
1.0,-0.138890485163
1.0,-0.106941591969
1.0,-0.0744426037793
1.0,-0.04173720798
1.0,-0.00946772331158
1.0,0.0225547164788
1.0,0.0596591951472
1.0,0.0628787868898
1.0,0.0628796077054
1.0,0.149902590858
1.0,0.239779149803
1.0,0.364937155715
1.0,0.490877444868
1.0,0.620129769728
1.0,0.751313193186
1.0,0.88940004122
1.0,0.774778999298
1.0,0.00761969036685
1.0,-0.132882134276
1.0,-0.116153796551
1.0,-0.0838051447917
1.0,-0.0511520350203
1.0,-0.0186288911819
1.0,0.0134467462925
1.0,0.0527342898916
1.0,0.0675154990379
1.0,0.185362615409
1.0,0.257574835491
1.0,0.380387149171
1.0,0.503440210388
1.0,0.628449235527
1.0,0.758327035135
1.0,0.894019784639
1.0,0.933797135549
1.0,0.933857205038
1.0,0.933917282255
1.0,0.933977367203
1.0,0.934037459883
1.0,0.934097560296
1.0,0.934160012735
1.03899862023,0.934224706029
1.07613241332,0.934291872512
1.11711469205,0.93435200567
1.0,0.934405668033
1.0,0.833738288807
1.0,-0.287208431732
1.0,-0.410377749001
1.0,-0.379348408222
1.0,-0.349051995111
1.0,-0.318845334105
1.0,-0.288449489091
1.0,-0.256938685638
1.0,-0.224286968588
1.0,-0.192207471508
1.0,-0.159998384448
1.0,-0.128212287131
1.0,-0.0960933106803
1.0,-0.0634537355928
1.0,-0.0306825345091
1.0,0.00154059900792
1.0,0.0382429487879
1.0,0.0627627236864
1.0,0.0629484334015
1.0,0.0991606093606
1.0,0.239601689154
1.0,0.368704278613
1.0,0.498958073557
1.0,0.634359698579
1.0,0.771624700169
1.0,0.716447717983
1.0,0.0105999643477
1.0,-0.112362743129
1.0,-0.0850487954075
1.0,-0.0523717270898
1.0,-0.0197846824837
1.0,0.0123409713702
1.0,0.0513226311991
1.0,0.0654406815276
1.0,0.115260001086
1.0,0.249878838058
1.0,0.383586386238
1.0,0.518049462528
1.0,0.657928509949
1.0,0.800172253884
1.0,0.934712940597
1.0,0.934773127971
1.0,0.934833323098
1.0,0.934895049833
1.02531034202,0.934958501679
1.0538241411,0.935023856136
1.0852736502,0.935084083559
1.0,0.935086568476
1.0,0.0385773498637
1.0,-0.264438582167
1.0,-0.292851455333
1.0,-0.261512876547
1.0,-0.228962844526
1.0,-0.196714399391
1.0,-0.16452387366
1.0,-0.132659759669
1.0,-0.100595423485
1.0,-0.0679371200616
1.0,-0.0351463922176
1.0,-0.00288596744871
1.0,0.0291291908067
1.0,0.0628463487327
1.0,0.0630007428787
1.0,0.156500672457
1.0,0.292336055121
1.0,0.428895109841
1.0,0.567875542586
1.0,0.710193897804
1.0,0.85706517668
1.0,0.935298500295
1.0,0.935358763106
1.0,0.935420522727
1.0247043735,0.935483810242
1.04991453394,0.935548801069
1.07802396628,0.935615678814
1.10916653046,0.935677371383
1.14347527687,0.935739544892
1.18101952173,0.935803881364
1.22194097125,0.935870568766
1.26641479159,0.935939804747
1.31462216494,0.936011797343
1.36675731133,0.936086766777
1.42304819444,0.936163152651
1.44970024402,0.936215850722
1.0,0.936268554727
1.0,0.936260845937
1.0,-0.136932138799
1.0,-0.505808533604
1.0,-0.496706823097
1.0,-0.469502142459
1.0,-0.440393370299
1.0,-0.410436844649
1.0,-0.379348657314
1.0,-0.349017797177
1.0,-0.31875000707
1.0,-0.288292583705
1.0,-0.256688069259
1.0,-0.223953336057
1.0,-0.19183655648
1.0,-0.159567214932
1.0,-0.12771886877
1.0,-0.0955149521978
1.0,-0.062823261975
1.0,-0.029988312637
1.0,0.00229246378244
1.0,0.0348728396461
1.0,0.0630684925031
1.0,0.0630690247243
1.0,0.140352379591
1.0,0.278397056314
1.0,0.414852205527
1.0,0.55261984484
1.0,0.69356528096
1.0,0.838500147721
1.0,0.93625220801
1.0,0.635464594042
1.0,-0.0896471692084
1.0,-0.129194364038
1.0,-0.0970294995616
1.0,-0.0643090475701
1.0,-0.0314679062571
1.0,0.000828531333096
1.0,0.0385439726411
1.0,0.0619008410971
1.0,0.0630849832892
1.0,0.105698444131
1.0,0.272323387776
1.0,0.409302738725
1.0,0.548199412242
1.0,0.690953487862
1.0,0.837321265474
1.0,0.936504957671
1.0,0.936557694232
1.0,0.936611828075
1.02637836174,0.936667387575
1.05328550462,0.936724540666
1.08336607261,0.936783466374
1.11682854593,0.936844352758
1.15384196675,0.936907397039
1.19457767392,0.936972797914
1.23906108462,0.937040760554
1.2874120941,0.937093557479
1.0,0.937096188678
1.0,0.0466978151434
1.0,-0.269195457125
1.0,-0.40716411971
1.0,-0.376036094846
1.0,-0.345787133859
1.0,-0.315466080064
1.0,-0.284954849894
1.0,-0.253150682859
1.0,-0.220275389011
1.0,-0.188246502876
1.0,-0.15595090538
1.0,-0.124030907274
1.0,-0.0917112404182
1.0,-0.0590120590617
1.0,-0.0261714067793
1.0,0.00611336220487
1.0,0.0444597726654
1.0,0.0848960073071
1.0,0.156581869965
1.0,0.300753815211
1.0,0.44421404317
1.0,0.590163315521
1.0,0.740009767317
1.0,0.893295023955
1.0,0.743178103596
1.0,-0.0372000827964
1.0,-0.110787877596
1.0,-0.0796502170596
1.0,-0.046833959557
1.0,-0.0142991243676
1.0,0.0190500490863
1.0,0.0557085027225
1.0,0.0631454201849
1.0,0.0631462657762
1.0,0.222720864988
1.0,0.36173890502
1.0,0.502153335199
1.0,0.649710472977
1.0,0.797180332658
1.0,0.937389593461
1.0,0.937444039382
1.03046363926,0.937499466723
1.04891543136,0.937555995805
1.06963719967,0.937613751801
1.09271951002,0.937672863052
1.11822100411,0.937733460427
1.14618801208,0.937795678498
1.17668905419,0.937859657277
1.20982531649,0.937925541102
1.24567686101,0.937993481551
1.28437855033,0.938046578816
1.0036464051,0.938099489149
1.0,0.938095325296
1.0,-0.0738189238352
1.0,-0.445132665782
1.0,-0.415327670637
1.0,-0.384184164229
1.0,-0.353665702572
1.0,-0.323360959482
1.0,-0.292867489848
1.0,-0.261388400632
1.0,-0.228708187431
1.0,-0.196390575235
1.0,-0.164086912028
1.0,-0.132137124251
1.0,-0.0999652688876
1.0,-0.0671915289614
1.0,-0.0342965102461
1.0,-0.00193528784575
1.0,0.0347728236032
1.0,0.0615530733577
1.0,0.0631977058411
1.0,0.082066581561
1.0,0.226809372605
1.0,0.353233003373
1.0,0.480456771846
1.0,0.612878234952
1.0,0.744981204012
1.0,0.816506815727
1.0,0.00763038018954
1.0,-0.118429364068
1.0,-0.0859522212322
1.0,-0.053151779191
1.0,-0.0204217182241
1.0,0.0118378972022
1.0,0.051231998903
1.0,0.0631803605499
1.0,0.0632100780143
1.0,0.101790303468
1.0,0.215554627516
1.0,0.338650308785
1.0,0.463895587099
1.0,0.594168358764
1.0,0.723552069771
1.0,0.861427539413
1.0,0.938386993715
1.0,0.938439942458
1.0,0.938492897177
1.0,0.938545857872
1.0,0.938598824545
1.0,0.938651797197
1.0,0.938707955329
1.06001117555,0.938766164444
1.09859060083,0.938826641504
1.1412496333,0.938889620005
1.18829750683,0.938955354002
1.24011902313,0.939009751584
1.02611811858,0.939062770631
1.0,0.939062254763
1.0,-0.00913618689276
1.0,-0.450401691509
1.0,-0.455234390748
1.0,-0.425695825757
1.0,-0.394798163051
1.0,-0.363918326704
1.0,-0.333647300766
1.0,-0.303187342517
1.0,-0.272174381966
1.0,-0.239786622616
1.0,-0.207078080872
1.0,-0.174888990819
1.0,-0.142744455854
1.0,-0.11062815786
1.0,-0.0779816863378
1.0,-0.0450942542433
1.0,-0.0125477198599
1.0,0.019691339441
1.0,0.0579308264243
1.0,0.0632608537069
1.0,0.186117039122
1.0,0.287259939695
1.0,0.426917480008
1.0,0.568669011518
1.0,0.714245799822
1.0,0.864048798941
1.0,0.93912189057
1.0,0.93917599068
1.02014525806,0.93923133925
1.04356537442,0.939288079999
1.06968642465,0.939346361666
1.09860153637,0.939406340125
1.13044353176,0.939459403968
1.0,0.939456927337
1.0,-0.0438437794583
1.0,-0.311054395024
1.0,-0.280416912376
1.0,-0.248276802628
1.0,-0.215257768858
1.0,-0.183173347075
1.0,-0.150876203175
1.0,-0.118817145512
1.0,-0.0863001547769
1.0,-0.0534570172848
1.0,-0.0206766131534
1.0,0.0116301596358
1.0,0.0504838360563
1.0,0.0632867134022
1.0,0.0632965021548
1.0,0.177708016322
1.0,0.311636093459
1.0,0.450472154095
1.0,0.592845476332
1.0,0.738251122958
1.0,0.888462991236
1.0,0.887176243565
1.0,0.00626006442909
1.0,-0.128782498453
1.0,-0.0964727891321
1.0,-0.0636475494804
1.0,-0.0306872157762
1.0,0.00172071709448
1.0,0.0385544698648
1.0,0.063140162435
1.0,0.0633115562658
1.0,0.233082647288
1.0,0.370178981254
1.0,0.50532539229
1.0,0.648425883956
1.0,0.789571561548
1.0,0.939567123685
1.0,0.939896815637
1.0,0.939949934906
1.0,0.940004342263
1.02413182235,0.940060007403
1.0476848718,0.940117077546
1.07399992943,0.9401757057
1.10318426431,0.940236051669
1.13536409548,0.940298282438
1.17067254569,0.940362573603
1.2092695667,0.940429109187
1.25131135559,0.940498083106
1.29698134623,0.940562846103
1.21762627957,0.940616040684
1.0,0.940669241282
1.0,0.940648931929
1.0,-0.359070427534
1.0,-0.471705983971
1.0,-0.44245784077
1.0,-0.412358717714
1.0,-0.381122330875
1.0,-0.350648293143
1.0,-0.320236637218
1.0,-0.289634446918
1.0,-0.257878654845
1.0,-0.224987733504
1.0,-0.192719393468
1.0,-0.160296926891
1.0,-0.128297112313
1.0,-0.0959395448822
1.0,-0.0630934133671
1.0,-0.0301024183605
1.0,0.00233141153456
1.0,0.0400998742749
1.0,0.0631623287758
1.0,0.0633680986674
1.0,0.0633685694697
1.0,0.123568393011
1.0,0.256933537845
1.0,0.386311291496
1.0,0.517038979719
1.0,0.650465857646
1.0,0.787472819843
1.0,0.931080461319
1.0,0.940758931757
1.0,0.940796588968
1.0,0.665733630341
1.0,-0.0811064223524
1.0,-0.188762216269
1.0,-0.156335062401
1.0,-0.124281492084
1.0,-0.0918240644875
1.0,-0.0589880391466
1.0,-0.0260196168402
1.0,0.0063948479258
1.0,0.0455337759636
1.0,0.0632668850759
1.0,0.0633900931254
1.0,0.1206269808
1.0,0.258871059894
1.0,0.387879982993
1.0,0.517935891385
1.0,0.650513805066
1.0,0.787375646767
1.0,0.930612945204
1.0,0.941078724345
1.0,0.941101618593
1.0,0.404603290674
1.0,-0.146828049532
1.0,-0.172005126292
1.0,-0.139836540761
1.0,-0.107615445653
1.0,-0.0748381039859
1.0,-0.041855021402
1.0,-0.00931903235564
1.0,0.0229717936392
1.0,0.0603939139342
1.0,0.0684259537625
1.0,0.180705879709
1.0,0.307266065796
1.0,0.433877550797
1.0,0.56509268005
1.0,0.697778039821
1.0,0.837188431057
1.0,0.941348577855
1.0,0.941401861352
1.0,0.941455150881
1.0,0.941508446443
1.0,0.941552370994
1.0,0.77591206963
1.0,-0.130827089721
1.0,-0.247953925536
1.0,-0.219360468384
1.0,-0.187218439732
1.0,-0.154785964726
1.0,-0.122690373704
1.0,-0.0901724852545
1.0,-0.0572919284328
1.0,-0.0243425740791
1.0,0.00808045305338
1.0,0.0473986076879
1.0,0.0633567090485
1.0,0.0634392012947
1.0,0.148243159069
1.0,0.264172498166
1.0,0.39376260929
1.0,0.524077073328
1.0,0.65702055965
1.0,0.794888845639
1.0,0.939020045402
1.0,0.941810109676
1.0,0.941863445435
1.0,0.941916787235
1.0,0.941970135078
1.0,0.942023488964
1.0,0.942026286385
1.0,0.0493881187728
1.0,-0.248928125965
1.0,-0.274041533142
1.0,-0.241577761235
1.0,-0.208726661236
1.0,-0.176445691671
1.0,-0.144179451747
1.0,-0.111965402625
1.0,-0.0792275619209
1.0,-0.0462374996754
1.0,-0.0135574026574
1.0,0.0187921538363
1.0,0.0573634926657
1.0,0.0634694621375
1.0,0.0634700928664
1.0,0.165279305287
1.0,0.296717444016
1.0,0.425805252792
1.0,0.558416438294
1.0,0.693467400088
1.0,0.834504646293
1.0,0.802903068432
1.0,0.0258686363791
1.0,-0.11638829034
1.0,-0.104205906673
1.0,-0.0713370812712
1.0,-0.0383021983414
1.0,-0.00579804053752
1.0,0.0300014083988
1.0,0.06064940458
1.0,0.0634835239321
1.0,0.0634842837664
1.0,0.199066980845
1.0,0.327850481796
1.0,0.458062476778
1.0,0.594136299383
1.0,0.731144227834
1.0,0.876596593784
1.0,0.942446313844
1.0,0.942499721687
1.0,0.942553135584
1.0,0.942606555536
1.0,0.942662493089
1.0470070213,0.942720235141
1.08065225572,0.942773674036
1.0,0.942820625962
1.0,0.828276691168
1.0,-0.127824898263
1.0,-0.33626955968
1.0,-0.305689654453
1.0,-0.274613109836
1.0,-0.242134238554
1.0,-0.209244097232
1.0,-0.176942078773
1.0,-0.144643962818
1.0,-0.112406912735
1.0,-0.0796485422586
1.0,-0.0466338752154
1.0,-0.0139181342179
1.0,0.018458906481
1.0,0.0574215030471
1.0,0.0696975976211
1.0,0.182549160122
1.0,0.3181128061
1.0,0.459541295296
1.0,0.605732524126
1.0,0.755747489666
1.0,0.911576260116
1.0,0.943001735869
1.0,0.943036941255
1.0,0.620907456823
1.0,-0.0977849497847
1.0,-0.158454553229
1.0,-0.126342703438
1.0,-0.0938456455721
1.0,-0.0609420111617
1.0,-0.0278587978086
1.0,0.00464803700816
1.0,0.0435667926194
1.0,0.0633698838563
1.0,0.0635414563596
1.0,0.0693502667324
1.0,0.212383331082
1.0,0.35619544174
1.0,0.503094279239
1.0149100712,0.654197181718
1.03032706902,0.799935205534
1.04814362624,0.943277120376
1.06843750135,0.943335505322
1.09125993726,0.94339526068
1.11673413541,0.943456534485
1.14496463229,0.943519480524
1.17605720257,0.943584258647
1.21012327665,0.943651037296
1.24732126305,0.943719993088
1.28780166167,0.943791310168
1.33170255449,0.943865182146
1.37919792705,0.943941813597
1.43048948988,0.943995391078
1.0,0.943998532514
1.0,0.055345857979
1.0,-0.228758294168
1.0,-0.427267612304
1.0,-0.396171256464
1.0,-0.365151148334
1.0,-0.33471509937
1.0,-0.304089919999
1.0,-0.272876810097
1.0,-0.240293875984
1.0,-0.207437735129
1.0,-0.175067670496
1.0,-0.142764970487
1.0,-0.110471759012
1.0,-0.0776399295859
1.0,-0.0445739182134
1.0,-0.0118747266034
1.0,0.0205308353088
1.0,0.0587799633047
1.0,0.0635955958831
1.0,0.0900628321955
1.04559353843,0.246490075571
1.04974310634,0.381839528397
1.0562538856,0.519034480147
1.0651512647,0.660778537191
1.07645906634,0.799803967454
1.09022047048,0.939596287499
1.10650230306,0.944157273618
1.12536951638,0.944218749997
1.14689622672,0.944281535981
1.1711739233,0.944345786216
1.19832600835,0.944399409566
1.0,0.94445063344
1.0,0.902076709945
1.0,-0.231699675556
1.0,-0.269724373813
1.0,-0.237017935477
1.0,-0.204257593495
1.0,-0.171820448378
1.0,-0.139551421037
1.0,-0.107210595168
1.0,-0.0743059274706
1.0,-0.0412036284373
1.0,-0.00857418688895
1.0,0.0238215350673
1.0,0.060898781442
1.0,0.063633152603
1.0,0.0864232033286
1.05454697288,0.250601903589
1.06109064535,0.388150409483
1.06998437964,0.523559122575
1.08125960769,0.663897153877
1.09496227507,0.800839015914
1.11115538492,0.938365144947
1.12990452562,0.944721985983
1.15127283318,0.944785062704
1.17534369352,0.944849590785
1.20222529542,0.944915727779
1.23203061175,0.944983638348
1.26489016543,0.94504568266
1.155467367,0.945099385527
1.0,0.945091002959
1.0,-0.147510974248
1.0,-0.309822180642
1.0,-0.281148347222
1.0,-0.248783490614
1.0,-0.21560172891
1.0,-0.183309730913
1.0,-0.150834929193
1.0,-0.118574604886
1.0,-0.0858441056641
1.0,-0.0527953022305
1.0,-0.0198433910178
1.0,0.0126439076698
1.0,0.0517778052911
1.0,0.0636739713015
1.0,0.0734667519938
1.09855073517,0.224443734485
1.10364268094,0.354146982887
1.11096142703,0.485486884614
1.12051953299,0.619157462293
1.13235842874,0.752722156643
1.14651616659,0.883314061337
1.1630414257,0.945336524545
1.00537441783,0.945361214618
1.0,0.434374892665
1.0,-0.154698455168
1.0,-0.146066565007
1.0,-0.113749014143
1.0,-0.0809173440208
1.0,-0.0478178199589
1.0,-0.0149833158372
1.0,0.0174859900826
1.0,0.0563981975811
1.0,0.0636980191159
1.0,0.0879233976843
1.0980149866,0.243574642201
1.10186220982,0.371976001547
1.10786185596,0.503579336799
1.1160172294,0.63828871332
1.12636200155,0.771932851135
1.13892730067,0.904171742757
1.15373304982,0.945685945428
1.17082196259,0.945749952714
1.19025209359,0.945815142867
1.21208260737,0.945881647716
1.23635463565,0.945949603571
1.26314989179,0.94601915117
1.29254901734,0.946070329082
1.0,0.899730413858
1.0,-0.116488527561
1.0,-0.313187065209
1.0,-0.282331282232
1.0,-0.249963190915
1.0,-0.216714369079
1.0,-0.184402827498
1.0,-0.151879844195
1.0,-0.11959478144
1.0,-0.0868480033952
1.0,-0.0537734937721
1.0,-0.0207639572215
1.0,0.0117692625149
1.0,0.0516289950728
1.0,0.0637026235984
1.0,0.0637411665093
1.0,0.0637417888203
1.0,0.162378230773
1.02949275824,0.282152511932
1.03315617182,0.429978036257
1.03907031709,0.570508950212
1.047249861,0.716175845275
1.05772150161,0.856497431831
1.0,0.894695023452
1.0,0.0337248628022
1.0,-0.106878683159
1.0,-0.0944054556127
1.0,-0.0613872625281
1.0,-0.0281922110164
1.0,0.00442661856617
1.0,0.0417952015599
1.0,0.0636873106487
1.0,0.0637571120223
1.0,0.20321474779
1.0,0.351764684763
1.0,0.497624688693
1.0126099758,0.646948980807
1.02130627507,0.793776584932
1.03229541632,0.941113595365
1.04560910112,0.94651647244
1.0,0.946516116195
1.0,-0.00625964596973
1.0,-0.159723631988
1.0,-0.127500681448
1.0,-0.0948987039569
1.0,-0.0618637390982
1.0,-0.0286586988902
1.0,0.0039734989853
1.0,0.0383288497965
1.0,0.0637759506752
1.0,0.0637761952337
1.0,0.0637769732595
1.0,0.202897737778
1.0,0.34483286292
1.0,0.483895276014
1.0,0.627705190463
1.0,0.772327564984
1.0,0.922658488528
1.0,0.946801201046
1.0,0.946855103622
1.0,0.946910839057
1.03388347729,0.946967729013
1.05517413503,0.947025924219
1.07925227672,0.947085581786
1.10623464579,0.947146866935
1.13626989792,0.947209950941
1.16946840838,0.947275013787
1.20598951461,0.947342246308
1.24603206716,0.947409244831
1.2415193994,0.947463216664
1.0,0.947463752838
1.0,0.00941167312502
1.0,-0.360696781886
1.0,-0.435580214905
1.0,-0.40471992473
1.0,-0.373347567856
1.0,-0.342853886257
1.0,-0.312155790461
1.0,-0.281183119589
1.0,-0.248719365597
1.0,-0.21548154781
1.0,-0.183102051426
1.0,-0.150560852633
1.0,-0.118216844551
1.0,-0.0853956939737
1.0,-0.0522620233599
1.0,-0.0192481662508
1.0,0.0133075993316
1.0,0.0532405024076
1.0,0.0638016107848
1.0,0.0638283896434
1.0,0.113200927309
1.0,0.236757749941
1.0,0.371961493508
1.0,0.507250381432
1.0,0.650117981414
1.0,0.793274108972
1.0,0.946406930652
1.0,0.947584780112
1.0,0.947638771947
1.0,0.947694585612
1.03362291336,0.947752082497
1.06466745558,0.947811459644
1.09934861095,0.947872927074
1.13790443597,0.94793671031
1.18061933379,0.948003051899
1.22780558256,0.948072191074
1.27939856222,0.948126238469
1.0,0.948126903517
1.0,0.0116657472918
1.0,-0.271521134129
1.0,-0.401459720269
1.0,-0.370185291823
1.0,-0.33964229088
1.0,-0.308899166241
1.0,-0.277726852104
1.0,-0.245118791483
1.0,-0.211989207082
1.0,-0.179530474143
1.0,-0.147026418571
1.0,-0.114624211441
1.0,-0.0817111046531
1.0,-0.0485238204839
1.0,-0.0155833239361
1.0,0.0169767745674
1.0,0.0561076011986
1.0,0.0653996617345
1.0,0.192659265189
1.00901554359,0.337897265362
1.01589505847,0.482800129628
1.0250593224,0.629518261224
1.03654234094,0.775437040797
1.0,0.855584490986
1.0,0.0582681824057
1.0,-0.0914871553907
1.0,-0.0820811321379
1.0,-0.0488896483832
1.0,-0.0159334044636
1.0,0.0172664558983
1.0,0.0553403429921
1.0,0.0638874676412
1.0,0.0638882346895
1.0,0.199686636697
1.01497085343,0.347067180064
1.02182994644,0.490706583758
1.03095197671,0.63676061422
1.04237208046,0.781682528063
1.05612288232,0.925620279042
1.07226043135,0.948470560331
1.09084689984,0.948530709617
1.1119571068,0.94859214888
1.13565883516,0.94865502438
1.16205429604,0.948717996974
1.16369439774,0.948772118028
1.0,0.948768075659
1.0,-0.070859771487
1.0,-0.269990814488
1.0,-0.259801329342
1.0,-0.226611912608
1.0,-0.194071234878
1.0,-0.161364741591
1.0,-0.129080392089
1.0,-0.0964312895222
1.0,-0.063301387378
1.0,-0.030020581156
1.0,0.00269586298609
1.0,0.0414578863936
1.0,0.0636800619937
1.0,0.0639242792714
1.0,0.0695658345835
1.00597808583,0.224639407506
1.00910542848,0.367247453834
1.01433820063,0.511295973085
1.02167431696,0.659132826209
1.03112666069,0.804779631784
1.04273336327,0.948963245557
1.0565236825,0.949021321444
1.07251480382,0.949080392654
1.0907612678,0.949140584884
1.1113214384,0.949202026867
1.13425012225,0.94926484905
1.15957748824,0.949329187214
1.18740052606,0.949395181219
1.21779289951,0.949462974589
1.25082045968,0.949532714318
1.28654534423,0.949604553986
1.32508704968,0.949678656435
1.36661411725,0.949732887152
1,0.949787124063
1.0,0.949779440677
1.0,-0.13453874318
1.0,-0.453303954424
1.0,-0.438743009696
1.0,-0.40791800079
1.0,-0.376393361748
1.0,-0.345842811437
1.0,-0.31508327672
1.0,-0.284128649302
1.0,-0.251679836157
1.0,-0.218277435503
1.0,-0.185854836127
1.0,-0.153195054553
1.0,-0.120794429654
1.0,-0.0879376675706
1.0,-0.0547443146819
1.0,-0.0215896857699
1.0,0.0110771282902
1.0,0.0503859241855
1.0,0.0785417864463
1.0,0.178884857009
1.0,0.312227231469
1.0,0.442490885927
1.0,0.576837589512
1.0,0.701325625637
1.0,0.34475850801
1.0,-0.0600448688196
1.0,-0.0749672884888
1.0,-0.0416788769593
1.0,-0.00885848697632
1.0,0.0237233119131
1.0,0.061152104893
1.0,0.0641303843351
1.0,0.076766219194
1.0,0.197230143958
1.0,0.323718764094
1.0,0.450303449627
1.0,0.581130168945
1.0,0.711663791884
1.0,0.849132833901
1.0,0.950009835834
1.0,0.950064104382
1.0,0.950118379131
1.0,0.950172660081
1.0,0.950226947233
1.0,0.95028124059
1.0,0.950337503538
1.03615629231,0.950395609274
1.06996489795,0.95045575143
1.10732594415,0.950518134968
1.14844578803,0.950572461606
1.0,0.950575789701
1.0,0.0582286426576
1.0,-0.254347373226
1.0,-0.431161355465
1.0,-0.39989590321
1.0,-0.368628136647
1.0,-0.337987014765
1.0,-0.307153062132
1.0,-0.275770740974
1.0,-0.242992276459
1.0,-0.209873032756
1.0,-0.177291703753
1.0,-0.144748039319
1.0,-0.112238737879
1.0,-0.0791948585486
1.0,-0.04590468833
1.0,-0.0129512294167
1.0,0.0196854516908
1.0,0.0584533443836
1.0,0.0640383568253
1.0,0.0640388717507
1.0,0.133734430897
1.0,0.240583123024
1.0,0.370542418853
1.0,0.502013820326
1.0,0.638735778041
1.0,0.77741533635
1.0,0.924628389571
1.0,0.950706953019
1.0,0.950761301243
1.0,0.950815655681
1.0,0.950870016334
1.0,0.950871179982
1.0,0.0203528941394
1.0,-0.264371226253
1.0,-0.231223665357
1.0,-0.1984813085
1.0,-0.165725242849
1.0,-0.133344847084
1.0,-0.100726057717
1.0,-0.0674935517086
1.0,-0.0341450352244
1.0,-0.00133933539944
1.0,0.0340420958569
1.0,0.0638937296874
1.0,0.0988253910706
1.0,0.269911747436
1.0,0.406728027467
1.0,0.545158579328
1.0,0.687339496299
1.0,0.823558444101
1.0,0.257810082644
1.0,-0.097662452752
1.0,-0.0832745029228
1.0,-0.0499910747871
1.0,-0.0169116919133
1.0,0.0163204358375
1.0,0.0546229507766
1.0,0.0640783805862
1.0,0.152542532811
1.0,0.290953965294
1.0,0.429727690652
1.0,0.570856542965
1.0,0.715642458388
1.0,0.865178329191
1.0,0.951260294613
1.0,0.951314706122
1.0,0.951370432959
1.02405514622,0.951427564846
1.04975026576,0.951486253883
1.07823033809,0.951546658785
1.10961517848,0.95160110306
1.0,0.951639544965
1.0,0.671856052865
1.0,-0.250284841543
1.0,-0.310870331761
1.0,-0.27962114194
1.0,-0.246917738282
1.0,-0.21363276235
1.0,-0.181064305069
1.0,-0.148423604849
1.0,-0.115906995223
1.0,-0.0828849854668
1.0,-0.0495788232083
1.0,-0.0164914670442
1.0,0.0161912901466
1.0,0.0554507583056
1.0,0.0641161896459
1.0,0.166451714392
1.0,0.303070190433
1.0,0.441075301801
1.0,0.581766256324
1.0,0.725529553904
1.0,0.853612961646
1.0,0.318272194788
1.0,-0.0829718685451
1.0,-0.0935807976031
1.0,-0.0603700574533
1.0,-0.0269999341626
1.0,0.00579833642133
1.0,0.0427239227825
1.0,0.0852456772313
1.0,0.228137632413
1.0,0.362239262641
1.0,0.496438737101
1.0,0.638009473446
1.0,0.777993118501
1.0,0.926990329779
1.0,0.952030603955
1.0,0.952085103625
1.0,0.952139609535
1.0,0.952195716026
1.02924570895,0.952253346335
1.05707311001,0.952312676544
1.08811954029,0.952373891571
1.12254512259,0.952437187022
1.1605436638,0.952502768441
1.20229496365,0.952570847985
1.24791762039,0.952641650729
1.2976454311,0.952715416255
1.35174103206,0.952790374775
1.37338802844,0.952844961469
1.0,0.952847971351
1.0,0.0525355472477
1.0,-0.257442576297
1.0,-0.508592716234
1.0,-0.481356850542
1.0,-0.451819012811
1.0,-0.421531851075
1.0,-0.389900649745
1.0,-0.358913287952
1.0,-0.328132007923
1.0,-0.297159834311
1.0,-0.265174130969
1.0,-0.231973787665
1.0,-0.199160120182
1.0,-0.166346939611
1.0,-0.133901501284
1.0,-0.101224142037
1.0,-0.0679336559755
1.0,-0.0345232842615
1.0,-0.00165596085261
1.0,0.0336647230213
1.0,0.0639401799405
1.0,0.0641867777628
1.0,0.135919555013
1.0,0.282092681096
1.0,0.423268049812
1.0,0.566286237119
1.0,0.713130471121
1.0,0.863270811224
1.0,0.946319109081
1.0,0.301155023524
1.0,-0.114695742219
1.0,-0.11154640547
1.0,-0.0784018163835
1.0,-0.045020471482
1.0,-0.0120090970004
1.0,0.0216021776382
1.0,0.0588614622828
1.0,0.0642020999266
1.0,0.0914024654144
1.0,0.272729965613
1.0,0.416039054403
1.0,0.558323912089
1.0,0.705481659435
1.0,0.854072923672
1.0,0.953093385257
1.0,0.953148006677
1.0,0.953204060714
1.02610894389,0.95326127777
1.04727439491,0.953319778394
1.07063822456,0.953379683666
1.09620899425,0.953441116989
1.1240277852,0.953504206584
1.15418136698,0.953569083055
1.18671176549,0.953635875845
1.2215961519,0.9537047189
1.25891505887,0.953775749446
1.29872665474,0.953849106724
1.34106572831,0.953924924774
1.38583506919,0.953985401757
1.1052664758,0.95404012547
1.0,0.9540386401
1.0,-0.0258934661318
1.0,-0.408796471194
1.0,-0.51924374151
1.0,-0.49349296776
1.0,-0.464207699074
1.0,-0.434214887123
1.0,-0.402916550933
1.0,-0.371484436273
1.0,-0.340747066613
1.0,-0.309810981338
1.0,-0.278398492433
1.0,-0.245557397252
1.0,-0.212261979364
1.0,-0.179589570595
1.0,-0.14690352556
1.0,-0.11429417014
1.0,-0.0811619058706
1.0,-0.047764375772
1.0,-0.0146499982425
1.0,0.0181077897331
1.0,0.0574491483024
1.0,0.064264394055
1.0,0.0642658873639
1.0,0.178370042566
1.0,0.288195235791
1.0,0.400191700577
1.0,0.514946716419
1.0,0.630027164173
1.0,0.752064980712
1.0,0.882156551337
1.0,0.954078347607
1.0,0.954133081985
1.0,0.954187822643
1.0,0.954242569582
1.0,0.954297322805
1.0,0.954352082311
1.0,0.954406848102
1.0,0.954461620178
1.0,0.954503021057
1.0,0.721406080875
1.0,-0.15681347165
1.0,-0.392843552643
1.0,-0.361728699946
1.0,-0.330903935769
1.0,-0.29988863407
1.0,-0.267949036297
1.0,-0.234755382407
1.0,-0.201805337529
1.0,-0.168961616507
1.0,-0.136422527453
1.0,-0.103702171938
1.0,-0.0703812640115
1.0,-0.0369134723047
1.0,-0.00398524470497
1.0,0.0294689831313
1.0,0.0632383721791
1.0,0.0643061044547
1.0,0.238063229229
1.0,0.363766084619
1.0,0.49233018129
1.0,0.625482667049
1.0,0.762275645724
1.0,0.907614669526
1.0,0.95465732416
1.0,0.95471212499
1.0,0.954766932112
1.0,0.954821745528
1.0,0.954843726185
1.0,0.382866037402
1.0,-0.166615086067
1.0,-0.257947921171
1.0,-0.224445270528
1.0,-0.19180731622
1.0,-0.158896734827
1.0,-0.126368116677
1.0,-0.0934322113009
1.0,-0.0601098137372
1.0,-0.0266441296336
1.0,0.00625530507786
1.0,0.0453335321997
1.0,0.0642456405625
1.0,0.0643346757969
1.0,0.206377182884
1.0,0.34496225276
1.0,0.48527311428
1.0,0.633259539352
1.0,0.783816699121
1.0,0.944128760802
1.0,0.955084974969
1.02097833743,0.955142470098
1.04822302601,0.955201636469
1.07856052886,0.955262654172
1.1121690536,0.955325713538
1.14923313944,0.955391014694
1.18992902614,0.955458769281
1.23446395287,0.955529203407
1.28309856713,0.955602558391
1.33610677744,0.9556632773
1.10579485803,0.955718193685
1.0,0.95571442209
1.0,-0.0656321779622
1.0,-0.428641990755
1.0,-0.396959811024
1.0,-0.365689862039
1.0,-0.334849066562
1.0,-0.303817389119
1.0,-0.27201314052
1.0,-0.238891809196
1.0,-0.205774786234
1.0,-0.172941519644
1.0,-0.140304533726
1.0,-0.107573411896
1.0,-0.0742658144249
1.0,-0.0407681929328
1.0,-0.00777716237842
1.0,0.0249910099719
1.0,0.0620756233423
1.0,0.0643859265243
1.0,0.104067021735
1.07954218949,0.259384499624
1.08582907306,0.402436117252
1.09436291466,0.535808449237
1.10517599244,0.675152601976
1.1183073796,0.81061498847
1.13379778013,0.946852019677
1.0,0.955404243915
1.0,0.00965354919815
1.0,-0.137975207379
1.0,-0.111707236889
1.0,-0.0784548893839
1.0,-0.0449672347978
1.0,-0.0118566557471
1.0,0.0209602687719
1.0,0.0597565107134
1.0,0.0664325242936
1.0,0.0884530973254
1.08981683084,0.26803579156
1.0951861711,0.409492857621
1.10246465242,0.54143177761
1.11164785231,0.680314106531
1.12282572594,0.81477560579
1.13608059851,0.950730666065
1.15143971136,0.956192472305
1.16890276664,0.956257814954
1.18852748188,0.956324367589
1.2103691447,0.956392255126
1.23447298986,0.956461602231
1.26083295009,0.956532539347
1.28955255911,0.956605200103
1.3206880239,0.956679720271
1.35427644415,0.956756237086
1.39034259366,0.956834893517
1.42898850055,0.956915835869
1.47027266546,0.956997070241
1.47532699363,0.957052140028
1.0,0.957107216154
1.0,0.957092611179
1.0,-0.253781617576
1.0,-0.492525910199
1.0,-0.463079271023
1.0,-0.432965124621
1.0,-0.40142856898
1.0,-0.369987211682
1.0,-0.339128108724
1.0,-0.308078421874
1.0,-0.276422425575
1.0,-0.243382187647
1.0,-0.210080011588
1.0,-0.177258822642
1.0,-0.144513177138
1.0,-0.111771539289
1.0,-0.0784819150798
1.0,-0.0449576829908
1.0,-0.0118126073599
1.0,0.0210396114657
1.0,0.0598798064522
1.0,0.0734837744898
1.0,0.264087109862
1.0,0.397441583571
1.0,0.529704073576
1.0,0.66398305288
1.0,0.799472106143
1.0,0.940626085061
1.0,0.957182257869
1.0,0.957237348972
1.0,0.957292446417
1.0,0.957347550205
1.0,0.957402660337
1.0,0.957457776814
1.0,0.957515530517
1.04772470804,0.957575047584
1.07958211179,0.957636515953
1.11483598642,0.95769165936
1.0,0.957694443762
1.0,0.0483537508521
1.0,-0.344338611085
1.0,-0.408047925157
1.0,-0.376371906784
1.0,-0.345539945738
1.0,-0.314502879552
1.0,-0.283142348112
1.0,-0.250291045893
1.0,-0.216732990158
1.0,-0.183986297332
1.0,-0.1511111798
1.0,-0.118406697627
1.0,-0.085209758311
1.0,-0.0517081182703
1.0,-0.0183656784902
1.0,0.0149515606505
1.0,0.055339054734
1.0,0.108973238438
1.0,0.214289991724
1.0,0.33381094606
1.0,0.457313800742
1.0,0.585497690741
1.0,0.71386109316
1.0,0.851097138996
1.0,0.957815526573
1.0,0.957870690598
1.0,0.957925860978
1.0,0.957981037714
1.0,0.958036220806
1.0,0.958091410256
1.0,0.958146606065
1.0,0.958205596377
1.06861884967,0.958266885513
1.11012306161,0.95832760573
1.09967828616,0.958382828758
1.0,0.958384054246
1.0,0.0212664072386
1.0,-0.331260455322
1.0,-0.428673540169
1.0,-0.396866169691
1.0,-0.365548497575
1.0,-0.334614864277
1.0,-0.30348983829
1.0,-0.271538946414
1.0,-0.238287901273
1.0,-0.205120500595
1.0,-0.172179385503
1.0,-0.139470825481
1.0,-0.106638936658
1.0,-0.0732201957722
1.0,-0.0396249579225
1.0,-0.00656938656823
1.0,0.0262665593905
1.0,0.0634040585892
1.0,0.115652149994
1.0,0.238936864522
1.0,0.370597647632
1.0,0.503475375852
1.0,0.642280073435
1.0,0.782373761134
1.0,0.931523046243
1.0,0.958509567832
1.0,0.958564811833
1.0,0.958620062202
1.0,0.958675318942
1.0,0.958733408852
1.05114858649,0.95878867866
1.0,0.958789556941
1.0,0.0152347481173
1.0,-0.317312265741
1.0,-0.288360265734
1.0,-0.255670516328
1.0,-0.221938562631
1.0,-0.18922928478
1.0,-0.15622845758
1.0,-0.123531944501
1.0,-0.0903912673459
1.0,-0.0568949614045
1.0,-0.0233800710978
1.0,0.00962000529223
1.0,0.0488734089239
1.0,0.0645800275301
1.0,0.0645983947549
1.0,0.0645991788587
1.0,0.201880112065
1.0,0.34121641669
1.0,0.482710296623
1.0,0.630585848103
1.0,0.781108981167
1.0,0.939250245068
1.0,0.959009600816
1.0,0.951807137411
1.0,-0.0417580028756
1.0,-0.156195053685
1.0,-0.123487998977
1.0,-0.0903352182076
1.0,-0.0568280948974
1.0,-0.0233051813097
1.0,0.00970395658784
1.0,0.0494569246599
1.0,0.0645812191844
1.0,0.0646186508983
1.0,0.230673968464
1.0,0.372572704157
1.0,0.517902349863
1.0,0.671642186462
1.0,0.826068809624
1.01610896555,0.95924109377
1.0,0.72441734969
1.0,-0.0686417756948
1.0,-0.120055173067
1.0,-0.0868263873978
1.0,-0.0532773824727
1.0,-0.0198375001148
1.0,0.0131343832353
1.0,0.0535780875573
1.0,0.0646047643299
1.0,0.0646347983972
1.0,0.221169342732
1.0,0.365927610292
1.0,0.513430103308
1.0,0.529656449502
1.0,0.0148295937684
1.0,-0.0419252028138
1.0,-0.00877720207052
1.0,0.0266889146791
1.0,0.061386001922
1.0,0.114610495084
1.0,0.273452062228
1.0,0.427195049483
1.0,0.576476784178
1.01764978472,0.730411489573
1.03088265376,0.877190542956
1.0,0.869765050904
1.0,0.0238028161411
1.0,-0.109101640473
1.0,-0.0897714171585
1.0,-0.0562384041678
1.0,-0.0227118773034
1.0,0.0103092555657
1.0,0.0495605766134
1.0,0.0646451635246
1.0,0.0646563442076
1.0,0.237983050013
1.00651996895,0.383666433428
1.01396042657,0.529358567722
1.02367997173,0.67971585826
1.03571553491,0.826131395488
1.05010435219,0.959804712224
1.0,0.675650507906
1.0,-0.0884079052271
1.0,-0.114302240595
1.0,-0.0809476967975
1.0,-0.0473341850086
1.0,-0.0140292652333
1.0,0.018934011877
1.0,0.0583168566761
1.0,0.0646718889166
1.0,0.0646722226054
1.0,0.0646730266522
1.0,0.206778628499
1.00871046671,0.353043012025
1.01508701667,0.499285840406
1.0237041529,0.648184974394
1.03460020306,0.795791553484
1.04781246495,0.942829146602
1.0,0.960084978184
1.0,0.425234819343
1.0,-0.104921548958
1.0,-0.123808006111
1.0,-0.0906216900934
1.0,-0.0570784870442
1.0,-0.0235130360194
1.0,0.00953546447333
1.0,0.049337315189
1.0,0.0828408506183
1.0,0.166492213367
1.0,0.317947230905
1.0,0.468573829284
1.0127752635,0.619570072382
1.02236240707,0.769702581356
1.03423377619,0.917364042587
1.04842455108,0.960357636931
1.0,0.65809461087
1.0,-0.109992322453
1.0,-0.127987864693
1.0,-0.0948789549769
1.0,-0.0613727317745
1.0,-0.0276891177081
1.0,0.00540978588939
1.0,0.0446395302939
1.0,0.0645938755658
1.0,0.0647094546005
1.0,0.162546023305
1.0,0.289223788666
1.0,0.440238451877
1.0,0.588867872826
1.0,0.742939387076
1.0,0.897981257971
1.02018135079,0.96063791678
1.03501617541,0.960696305221
1.05223766653,0.960739492541
1.0,0.747652519522
1.0,-0.120446866051
1.0,-0.184607961353
1.0,-0.151623064999
1.0,-0.118809916055
1.0,-0.0855026038429
1.0,-0.0518898278816
1.0,-0.0184363471816
1.0,0.0149910170659
1.0,0.0538444671122
1.0,0.0647334210894
1.0,0.0647336730462
1.0,0.0647344701628
1.0,0.204801618883
1.0,0.34336139837
1.0,0.482848718531
1.0,0.627310331684
1.0,0.772834253466
1.0,0.924449654393
1.0,0.961017330607
1.0,0.961072864066
1.0,0.961128403944
1.0,0.961183950241
1.0,0.961183238712
1.0,-0.0123115483875
1.0,-0.249397765065
1.0,-0.217029698475
1.0,-0.184151898047
1.0,-0.151161374676
1.0,-0.118328721071
1.0,-0.0849968056585
1.0,-0.05136481177
1.0,-0.0179107149756
1.0,0.0150991738431
1.0,0.0547323785513
1.0,0.0647624523379
1.0,0.183885119233
1.0,0.275020993421
1.0,0.407660464657
1.0,0.540199019017
1.0,0.674453761471
1.0,0.812668037397
1.0,0.956317076517
1.0,0.961424808161
1.0,0.961470239751
1.0,0.961515675635
1.0,0.961561115814
1.0,0.961606560288
1.0,0.961652009057
1.0,0.961651738517
1.0,-0.00572400236548
1.0,-0.308954022371
1.0,-0.295455472727
1.0,-0.262955060969
1.0,-0.229304633434
1.0,-0.19633448112
1.0,-0.163184578839
1.0,-0.130458327803
1.0,-0.0973576216095
1.0,-0.0637833321362
1.0,-0.0300500594617
1.0,0.00310826767482
1.0,0.0424253988125
1.0,0.0645641330378
1.0,0.0647920653287
1.0,0.0647925522804
1.0,0.152919610125
1.0,0.275488093967
1.0,0.399806097057
1.0,0.52588740774
1.0,0.654483342316
1.0,0.788674183349
1.0,0.858084352495
1.0,0.046360675337
1.0,-0.129575096375
1.0,-0.119721374751
1.0,-0.0828075825875
1.0,-0.0456434607719
1.0,-0.00906129279009
1.0,0.0271859424682
1.0,0.102299148388
1.0,0.197302299343
1.0,0.325089981266
1.0,0.454847083887
1.0,0.590208133422
1.0,0.725791909356
1.0,0.870453216928
1.0,0.961982328855
1.0,0.962027813153
1.0,0.962073301751
1.0,0.962118794652
1.0,0.962164291855
1.0,0.962209793362
1.0,0.962247167467
1.0,0.790300360415
1.0,-0.0980046712026
1.0,-0.330447425974
1.0,-0.299158165136
1.0,-0.266804563646
1.0,-0.23324033663
1.0,-0.2001314748
1.0,-0.16697515453
1.0,-0.134219117542
1.0,-0.101205227204
1.0,-0.0675664916062
1.0,-0.0338187978698
1.0,-0.000622625349631
1.0,0.0377795456824
1.0,0.0633419555967
1.0,0.0648316626408
1.0,0.0648320247376
1.0,0.113641202251
1.0,0.234336378059
1.0,0.367566134496
1.0,0.502084085585
1.0,0.643510697577
1.0,0.785262007526
1.0,0.936718232844
1.0,0.962427191753
1.0,0.962472718129
1.0,0.962474397804
1.0,0.0355079653274
1.0,-0.208747904095
1.0,-0.181118129763
1.0,-0.148136541466
1.0,-0.115228860273
1.0,-0.0817931936303
1.0,-0.0480907049494
1.0,-0.0146774842426
1.0,0.0187727812678
1.0,0.0576950599692
1.0,0.0648509749176
1.0,0.210872396237
1.0,0.349482685338
1.0,0.488442589934
1.0,0.634126981298
1.0,0.78087499327
1.0,0.654606152899
1.0,-0.0293550131823
1.0,-0.0975796249293
1.0,-0.0639683275094
1.0,-0.0301996506054
1.0,0.0029943383482
1.0,0.0376829136851
1.0,0.0648568960734
1.0,0.0648602875049
1.0,0.0648604942646
1.0,0.0648612527815
1.0,0.237950344042
1.0,0.379232807927
1.0,0.519734648946
1.0,0.669743684166
1.0,0.521948616422
1.0,-0.0277861955637
1.0,-0.0675720418853
1.0,-0.0338053762967
1.0,-0.000590400657572
1.0,0.0346449013824
1.0,0.0647456716975
1.0,0.0757369334264
1.0,0.232973896504
1.0,0.372466500817
1.0,0.514788544624
1.0,0.665914605468
1.0,0.81663845138
1.0,0.96292119668
1.0,0.962967884837
1.02446566665,0.963015595749
1.04680510304,0.96306445106
1.071806402,0.963110037747
1.0,0.963112365426
1.0,0.049174101602
1.0,-0.182748459461
1.0,-0.243580824437
1.0,-0.210109993561
1.0,-0.177057349584
1.0,-0.144121073969
1.0,-0.111155838889
1.0,-0.0776287275879
1.0,-0.0438801221773
1.0,-0.0105561407334
1.0,0.0247762690476
1.0,0.0598965349218
1.0,0.0648922360583
1.0,0.0648928261472
1.0,0.185022635487
1.0,0.323665506157
1.0,0.468362731622
1.0,0.616967983243
1.0,0.768974134924
1.0,0.92582664036
1.0,0.963313611167
1.02313568569,0.963359221446
1.0,0.963400119699
1.0,0.863788510915
1.0,-0.108478387798
1.0,-0.19436748819
1.0,-0.163373666256
1.0,-0.13058479726
1.0,-0.0974196832724
1.0,-0.0637843675192
1.0,-0.0299879056283
1.0,0.00323143865604
1.0,0.0379525606689
1.0,0.067906075658
1.0,0.178681557676
1.0,0.286702152497
1.0,0.433718926782
1.0,0.58083433709
1.0,0.732845634757
1.0,0.887094442257
1.0,0.963606012584
1.0,0.963653315891
1.03648832601,0.963701640779
1.0587676837,0.963751112555
1.08378527108,0.963796764273
1.0,0.963796043657
1.0,-0.015212726418
1.0,-0.236006082529
1.0,-0.237271823934
1.0,-0.203991260773
1.0,-0.170827299681
1.0,-0.137965092851
1.0,-0.104924339112
1.0,-0.0712782849248
1.0,-0.0374815301804
1.0,-0.004229361342
1.0,0.032848659968
1.0,0.0625827433878
1.0,0.0649383253021
1.0,0.0649386014854
1.0,0.0865355591042
1.0,0.234925915057
1.0,0.37564071633
1.0,0.519023663373
1.0,0.670918669823
1.0,0.822274618601
1.0,0.963969350537
1.0,0.964016386424
1.02985225858,0.964064381369
1.05074730159,0.964113454434
1.07424226474,0.964163728554
1.10042076623,0.964209419371
1.0,0.964210254647
1.0,0.0176256601632
1.0,-0.286859097348
1.0,-0.253839462695
1.0,-0.219985722728
1.0,-0.187040070952
1.0,-0.153907462545
1.0,-0.120993502893
1.0,-0.0876000134592
1.0,-0.0538819031228
1.0,-0.0202618562596
1.0,0.0128838988918
1.0,0.0528082159725
1.0,0.0649602593605
1.0,0.0649657705024
1.0,0.0649663554457
1.0,0.183201674445
1.0,0.329600167585
1.0,0.471869380789
1.0,0.618506473533
1.0,0.767780456454
1.0,0.922539060237
1.0,0.964397439494
1.0,0.81573815755
1.0,-0.0510261291037
1.0,-0.14895052225
1.0,-0.115981454942
1.0,-0.0824873251157
1.0,-0.0487205251811
1.0,-0.0152260613244
1.0,0.0178973235867
1.0,0.057586968933
1.0,0.0649811509071
1.0,0.0649815436796
1.0,0.122985071087
1.0,0.253723457045
1.0,0.396347245349
1.0,0.536628273216
1.0,0.684156422318
1.0,0.83107165564
1.0,0.964610610811
1.0,0.964656343994
1.0,0.964655247239
1.0,-0.0231327038734
1.0,-0.172248192285
1.0,-0.139336687752
1.0,-0.10627540857
1.0,-0.0726161744522
1.0,-0.038791656823
1.0,-0.0055108363761
1.0,0.0288436761557
1.0,0.0632203974597
1.0,0.0649983438344
1.0,0.0649990694286
1.0,0.227139424696
1.0,0.361818340466
1.0,0.497244054032
1.0,0.639480168333
1.0,0.780089017547
1.0,0.929554864791
1.0,0.964894802509
1.0,0.964940562644
1.0,0.96498632712
1.0,0.965032095937
1.0,0.965079813277
1.04247217721,0.965128852181
1.07123672906,0.965179353524
1.10306941033,0.965231464405
1.13810453298,0.965277256479
1.0,0.965278942711
1.0,0.0355429767369
1.0,-0.220640924274
1.0,-0.386373816082
1.0,-0.355244567135
1.0,-0.324005540846
1.0,-0.292568808014
1.0,-0.259763168993
1.0,-0.225869722472
1.0,-0.192905838216
1.0,-0.159641199032
1.0,-0.12674886916
1.0,-0.0934337630898
1.0,-0.0597378356453
1.0,-0.0259344315034
1.0,0.00731353913245
1.0,0.0468554830948
1.0,0.0649704547291
1.0,0.0650337125351
1.0,0.143771952676
1.0,0.265964518594
1.0,0.398872187623
1.0,0.533067810399
1.0,0.669998871526
1.0,0.8112021835
1.0,0.740631167429
1.0,-0.00334929095017
1.0,-0.122723375264
1.0,-0.0893203741704
1.0,-0.0555758875028
1.0,-0.0218734170891
1.0,0.0113341303749
1.0,0.0520065845638
1.0,0.0934937049916
1.0,0.199363361438
1.0,0.331240015393
1.0,0.463223613165
1.0,0.600816226689
1.0,0.739325185985
1.0,0.886117516223
1.0,0.965565511778
1.0,0.965611335554
1.0,0.965657163679
1.0,0.965702996154
1.0,0.965750183362
1.02945919635,0.965796024668
1.0,0.965831259604
1.0,0.742295418062
1.0,-0.212503801179
1.0,-0.306077530237
1.0,-0.274233173006
1.0,-0.240737623825
1.0,-0.207290620472
1.0,-0.17409738617
1.0,-0.141122285018
1.0,-0.108036321813
1.0,-0.0743622918836
1.0,-0.0405041302295
1.0,-0.0071790496572
1.0,0.025930145399
1.0,0.0634852881282
1.0,0.101692030469
1.0,0.247410535505
1.0,0.387681007515
1.0,0.527310751104
1.0,0.674624174664
1.0,0.822214898482
1.0,0.965973481434
1.0,0.966019343942
1.0,0.96605468731
1.0,0.744411535764
1.0,-0.105531151485
1.0,-0.18388850052
1.0,-0.150750196889
1.0,-0.117739196814
1.0,-0.0842157657718
1.0,-0.0504027544511
1.0,-0.0168097556162
1.0,0.0163706687446
1.0,0.0562291663776
1.0,0.0650920178053
1.0,0.0650926967156
1.0,0.212219602207
1.0,0.356072197348
1.0,0.500373424549
1.0,0.652023865009
1.0,0.806036978134
1.0,0.966242365918
1.0,0.966289934839
1.03662816619,0.966338645746
1.06140871444,0.96638863268
1.08910204215,0.966440036223
1.11984924148,0.966493003704
1.15379571279,0.96654768761
1.19105211246,0.966603892318
1.22403573959,0.966649814707
1.0,0.96665087664
1.0,0.0223518476237
1.0,-0.365538893002
1.0,-0.334316906082
1.0,-0.302900131241
1.0,-0.270513822055
1.0,-0.236870771565
1.0,-0.203528568225
1.0,-0.17025402207
1.0,-0.137311754092
1.0,-0.104166269667
1.0,-0.0704076708419
1.0,-0.0365100786318
1.0,-0.00316036551484
1.0,0.0344928156649
1.0,0.063030293834
1.0,0.0651273832942
1.0,0.0651283429603
1.01814557228,0.294475845002
1.02512742527,0.447386933464
1.03422642056,0.593215968364
1.04545720042,0.742342257499
1.05883611099,0.886328370273
1.07442949815,0.966801648325
1.09228846491,0.966852755563
1.11244340652,0.96690490253
1.134953792,0.966958201793
1.1599064879,0.96701276929
1.18737350825,0.967068723108
1.21740032602,0.967126186087
1.25008885439,0.967185285809
1.28554074914,0.967246154187
1.32384845901,0.967308925106
1.36505299038,0.967373739536
1.40930649229,0.967440743356
1.45671343835,0.967504903814
1.39470752609,0.967550911858
1.0,0.967596924278
1.0,0.967581810772
1.0,-0.317799616608
1.0,-0.496503833832
1.0,-0.466700323435
1.0,-0.4362447522
1.0,-0.404288512087
1.0,-0.372554109111
1.0,-0.341347133412
1.0,-0.309947758928
1.0,-0.277867728055
1.0,-0.244414325837
1.0,-0.210801789301
1.0,-0.177596894594
1.0,-0.144516542498
1.0,-0.111400899672
1.0,-0.0777189493161
1.0,-0.0438173190746
1.0,-0.0103503246709
1.0,0.0228510708449
1.0,0.0615410991136
1.0,0.066192618177
1.0,0.132017344942
1.0,0.267676732812
1.0,0.411495601451
1.0,0.553839926912
1.0,0.702097032336
1.0,0.851360454318
1.0,0.967613595095
1.0,0.758068893606
1.0,-0.0527882133479
1.0,-0.136729994899
1.0,-0.103543209376
1.0,-0.0697376931584
1.0,-0.035801856544
1.0,-0.00241596023984
1.0,0.0343271076821
1.0,0.0638210231846
1.0,0.0651984399426
1.0,0.163072600363
1.0,0.303519772127
1.0,0.444587029536
1.0,0.588026208032
1.0,0.734697353527
1.0,0.88590460094
1.0,0.967842727949
1.0,0.967888768129
1.0,0.967934812689
1.0,0.967982899174
1.04424516936,0.968032240212
1.07138116265,0.968073611497
1.0,0.869561837242
1.0,-0.0912793445658
1.0,-0.286561246313
1.0,-0.253361482479
1.0,-0.219424776195
1.0,-0.186324644719
1.0,-0.153084247853
1.0,-0.120024650063
1.0,-0.0864700730704
1.0,-0.0526040949876
1.0,-0.0188879382748
1.0,0.0147856338351
1.0,0.0539166748063
1.0,0.0652256075004
1.0,0.0652258165958
1.0,0.0652266051833
1.0,0.245998156184
1.0,0.386833419636
1.0,0.52632376583
1.0,0.673516903054
1.0,0.82010424863
1.0,0.968234696508
1.0,0.968280773988
1.0,0.968326855854
1.0,0.968374432437
1.03233627853,0.968423256852
1.05930680123,0.968473469542
1.08931574834,0.968525217983
1.12251418741,0.968578657445
1.15906950632,0.968624767669
1.0,0.968626391172
1.0,0.0341024977114
1.0,-0.223787767038
1.0,-0.363434999335
1.0,-0.332131452607
1.0,-0.300632183477
1.0,-0.268040535576
1.0,-0.234239848004
1.0,-0.200929067509
1.0,-0.167546868224
1.0,-0.134582140997
1.0,-0.101340475943
1.0,-0.0674783838147
1.0,-0.0335072147445
1.0,-9.30718692511e-05
1.0,0.0369697000005
1.0,0.0650357311846
1.0,0.0652598806548
1.0,0.06526008997
1.0,0.065260695428
1.0,0.188771578702
1.0,0.327029866457
1.0,0.470596068167
1.0,0.618649466166
1.0,0.698896025616
1.0,0.0458818386967
1.0,-0.07370477158
1.0,-0.0494806298762
1.0,-0.015824471933
1.0,0.0174457016518
1.0,0.0573613140414
1.0,0.0652678397838
1.0,0.0652684209851
1.0,0.181187228075
1.0,0.330134152396
1.0,0.475242614867
1.0,0.625155304715
1.0,0.77850382535
1.0,0.937555803726
1.0,0.96889186582
1.02513688755,0.96894014203
1.04629498247,0.968989516197
1.06998326249,0.969040109626
1.09629268649,0.969092048665
1.12533120805,0.969145464767
1.15720798661,0.969200493631
1.19201355144,0.969246663082
1.0,0.969285426204
1.0,0.813710331329
1.0,-0.366848610714
1.0,-0.335543507784
1.0,-0.304043581063
1.0,-0.271583999419
1.0,-0.237858928833
1.0,-0.204415163008
1.0,-0.171054412879
1.0,-0.13801739821
1.0,-0.104784385226
1.0,-0.0709380545964
1.0,-0.0369489869681
1.0,-0.00350852829966
1.0,0.0341053178989
1.0,0.0631204890755
1.0,0.0653048519851
1.0,0.0653054629505
1.0,0.190357844323
1.0,0.297941687525
1.0,0.442360525631
1.0,0.588243067025
1.0,0.737458498535
1.0,0.890225507105
1.0,0.969428445652
1.0,0.903944257161
1.0,-0.0341321588195
1.0,-0.145263007386
1.0,-0.116694048695
1.0,-0.0830268941603
1.0,-0.04908485163
1.0,-0.0154128488601
1.0,0.0186581612604
1.0,0.0573273364677
1.0,0.0653204996052
1.0,0.157263607321
1.0,0.300111650596
1.0,0.442109292894
1.0,0.586002758251
1.0,0.733086653084
1.0,0.884363913902
1.0,0.96965429658
1.0,0.969656279464
1.0,0.0416073593622
1.0,-0.16903144621
1.0,-0.137433629606
1.0,-0.104179980288
1.0,-0.0703089847618
1.0,-0.0363024901753
1.0,-0.00284616127463
1.0,0.0318049060653
1.0,0.0650917771906
1.0,0.0653353775387
1.0,0.0653359302438
1.0,0.172125361978
1.0,0.309874030239
1.0,0.449402189098
1.0,0.591617837712
1.0,0.736620554918
1.0,0.886262906592
1.0,0.969884719169
1.0,0.969930953832
1.0,0.969977192904
1.0,0.970024596916
1.02509486693,0.97007315022
1.04984405987,0.970122974973
1.07722669951,0.970174197371
1.10732889038,0.970226949082
1.14026745753,0.970281367064
1.17615522297,0.970337593181
1.21509651189,0.970395775072
1.25721429318,0.970442058474
1.0,0.97044398675
1.0,0.0404284852551
1.0,-0.256294078347
1.0,-0.455868740583
1.0,-0.424782692135
1.0,-0.392555325884
1.0,-0.361136575538
1.0,-0.329757444639
1.0,-0.298181268355
1.0,-0.265389235883
1.0,-0.231435594
1.0,-0.198165717928
1.0,-0.164716035976
1.0,-0.131694008291
1.0,-0.0982950607295
1.0,-0.06441622949
1.0,-0.030377717446
1.0,0.003080828255
1.0,0.0463305649594
1.0,0.121820171227
1.0,0.241290544021
1.0,0.362707473836
1.0,0.485314630532
1.0,0.609578528871
1.0,0.737130429185
1.0,0.870914345123
1.0,0.970525826206
1.0,0.970559825096
1.0,0.712769762586
1.0,-0.0757316809135
1.0,-0.197959108153
1.0,-0.164501010117
1.0,-0.131467476396
1.0,-0.0980538825255
1.0,-0.0641696604555
1.0,-0.0301221722186
1.0,0.00334364882529
1.0,0.0414154158818
1.0,0.0652941064376
1.0,0.0653955931921
1.0,0.0870632515819
1.0,0.193161225795
1.0,0.307088637153
1.0,0.425348334403
1.0,0.546594106591
1.0,0.667742490273
1.0,0.796350611462
1.0,0.932387032674
1.0,0.970813175036
1.0,0.970859498264
1.0,0.970905825913
1.0,0.970947307274
1.0,0.869298002183
1.0,-0.0206709878433
1.0,-0.284834835273
1.0,-0.251451357569
1.0,-0.217507015267
1.0,-0.184269559152
1.0,-0.150972918158
1.0,-0.117791085712
1.0,-0.0840892413743
1.0,-0.0501020355482
1.0,-0.0163543733164
1.0,0.0169932928086
1.0,0.0570338504213
1.0,0.0654196310475
1.0,0.0951929291677
1.0,0.202243324351
1.0,0.31684035469
1.0,0.437944009774
1.0,0.562545370699
1.0,0.687137491219
1.0,0.820094674099
1.0,0.959911072756
1.0,0.971175691185
1.0,0.971222049015
1.0,0.971268411272
1.0,0.971314777955
1.0,0.971361149065
1.0,0.971407524603
1.0,0.971453904569
1.0,0.971452153529
1.0,-0.0366741626976
1.0,-0.322742680819
1.0,-0.339310507001
1.0,-0.307760033423
1.0,-0.275376621915
1.0,-0.24167314893
1.0,-0.208047089164
1.0,-0.174655541115
1.0,-0.141496356265
1.0,-0.108214654974
1.0,-0.0743387109632
1.0,-0.0402825388702
1.0,-0.00677339908683
1.0,0.0299923383362
1.0,0.0622100983998
1.0,0.0654508340151
1.0,0.0654511045243
1.0,0.0840939538406
1.0,0.219216972473
1.0,0.339181681098
1.0,0.462236999644
1.0,0.589346153738
1.0,0.717099398015
1.0,0.305642822857
1.0,-0.105048664361
1.0,-0.0848567285369
1.0,-0.0508541227815
1.0,-0.0170672049964
1.0,0.0164258782272
1.0,0.0563061380992
1.0,0.0654593994301
1.0,0.065460075636
1.0,0.210187659651
1.0,0.329982358397
1.0,0.455419803062
1.0,0.585734431443
1.0,0.716468294848
1.0,0.856752879778
1.0,0.971726376994
1.0,0.971772787413
1.0,0.971819202266
1.0,0.971865621552
1.0,0.971912045274
1.0,0.971958473431
1.0,0.972007183651
1.04904989453,0.972057769987
1.08934365555,0.972110403824
1.13331487812,0.972163043886
1.13332620712,0.972209496027
1.0,0.972210687677
1.0,0.0249387076013
1.0,-0.384922213639
1.0,-0.42832793807
1.0,-0.396047768708
1.0,-0.364485966425
1.0,-0.333066334296
1.0,-0.301450179754
1.0,-0.268726527449
1.0,-0.234793116345
1.0,-0.201370561801
1.0,-0.167862645025
1.0,-0.134781801581
1.0,-0.10140865066
1.0,-0.0674270705491
1.0,-0.0333311606927
1.0,0.000203830176256
1.0,0.0391415572006
1.0,0.064191203328
1.0,0.0654981862752
1.0,0.0654987707599
1.0,0.1815698562
1.0,0.308388087401
1.0,0.434196437794
1.0,0.563513192721
1.0,0.693257634484
1.0,0.828787881328
1.0,0.969761359973
1.0,0.972341634331
1.0,0.97238810354
1.0,0.972434577192
1.0,0.972481055286
1.0,0.972481334292
1.0,0.00583741435072
1.0,-0.227000041128
1.0,-0.260159751613
1.0,-0.225968464087
1.0,-0.192779341545
1.0,-0.159291786105
1.0,-0.126135901185
1.0,-0.0925376113242
1.0,-0.0585704161258
1.0,-0.0245538646654
1.0,0.00892814481814
1.0,0.0497203993937
1.0,0.0654404299999
1.0,0.0655232829034
1.0,0.125132828879
1.0,0.23902766006
1.0,0.357921604254
1.0,0.477093386999
1.0,0.597560292539
1.0,0.723148811998
1.0,0.854697859297
1.0,0.885949764671
1.0,0.131859472692
1.0,-0.118636222438
1.0,-0.146586306124
1.0,-0.113303041323
1.0,-0.0794604422746
1.0,-0.0453823590541
1.0,-0.0116998203172
1.0,0.0229057308818
1.0,0.0629982036216
1.0,0.124509622188
1.0,0.23652596382
1.0,0.35373830962
1.0,0.470482168586
1.0,0.588608957792
1.0,0.712742463694
1.0,0.84297761141
1.0,0.972866676079
1.0,0.972913195488
1.0,0.972959719346
1.0,0.973006247654
1.0,0.973052780412
1.0,0.973099317621
1.0,0.973123159835
1.0,0.498514773688
1.0,-0.215910002962
1.0,-0.323624746465
1.0,-0.292954101637
1.0,-0.259788764688
1.0,-0.225561272358
1.0,-0.192359055687
1.0,-0.15885976883
1.0,-0.125677580438
1.0,-0.0920471247765
1.0,-0.0580528239728
1.0,-0.0240289802762
1.0,0.00946809928723
1.0,0.0480739954941
1.0,0.0655641816878
1.0,0.0655647344486
1.0,0.171541853791
1.0,0.293400115753
1.0,0.413684548778
1.0,0.538282757745
1.0,0.664426483865
1.0,0.718656336209
1.0,0.0617421395929
1.0,-0.0939808004136
1.0,-0.0949500966881
1.0,-0.0609825707917
1.0,-0.0268795297824
1.0,0.00665130483449
1.0,0.0437910735175
1.0,0.0655733050631
1.0,0.130225666499
1.0,0.228133027155
1.0,0.35281150941
1.0,0.481471676778
1.0,0.615642194181
1.0,0.752510699809
1.0,0.89893234669
1.0,0.973425806153
1.0,0.97347237905
1.0,0.973518956404
1.0,0.973565538215
1.0,0.973612124485
1.0,0.973660896996
1.04682634745,0.973711487801
1.08574241431,0.973764065023
1.12825386532,0.973818807459
1.17458770322,0.9738759044
1.22496673728,0.973935554656
1.27959255044,0.973997970343
1.3387476438,0.974051913513
1.15688326096,0.974098546342
1.0,0.974094868698
1.0,-0.0768158494885
1.0,-0.431309295349
1.0,-0.498460529051
1.0,-0.468421853958
1.0,-0.437750667957
1.0,-0.405507484066
1.0,-0.373608852996
1.0,-0.342183359823
1.0,-0.310563720565
1.0,-0.27819498333
1.0,-0.244468996747
1.0,-0.210683926058
1.0,-0.177234394086
1.0,-0.143956238365
1.0,-0.110605108933
1.0,-0.0766731676461
1.0,-0.0425366645185
1.0,-0.00888647400409
1.0,0.0274515765755
1.0,0.0614203055611
1.0,0.0656213909882
1.0,0.0656217759522
1.0,0.119364026552
1.0,0.262810884526
1.0,0.400721143126
1.0,0.538600177866
1.0,0.68073772221
1.0,0.824904982676
1.0,0.974115650814
1.0,0.974152697673
1.0,0.773806414501
1.0,-0.0830438870745
1.0,-0.164328805006
1.0,-0.132149128104
1.0,-0.0986158503633
1.0,-0.0646032796837
1.0,-0.0304294560766
1.0,0.00316181785781
1.0,0.0425775014199
1.0,0.0654430552845
1.0,0.0656386293189
1.0,0.191671031963
1.0,0.324702727511
1.0,0.457303868998
1.0,0.594391000498
1.0,0.732466250687
1.0,0.876970966955
1.0,0.974379168924
1.0,0.974425833095
1.0,0.974472501735
1.0,0.974519174845
1.0,0.974565852426
1.0,0.97461253448
1.0,0.97460863121
1.0,-0.0814861164098
1.0,-0.290120512389
1.0,-0.267176001737
1.0,-0.233091393679
1.0,-0.199654980702
1.0,-0.166057095201
1.0,-0.132896412697
1.0,-0.0993642863641
1.0,-0.0653277724151
1.0,-0.0311402912916
1.0,0.00246943533233
1.0,0.0391719668434
1.0,0.0656201004641
1.0,0.0714934594849
1.0,0.180108552979
1.0,0.307413478937
1.0,0.432652223993
1.0,0.561906853237
1.0,0.692091798507
1.0,0.828895747381
1.0,0.762847594564
1.0,-0.023212318004
1.0,-0.133874957052
1.0,-0.100366670443
1.0,-0.0663103641693
1.0,-0.0321182167171
1.0,0.00150257363157
1.0,0.0388783034721
1.0,0.103128289579
1.0,0.191913325786
1.0,0.314527547659
1.0,0.43800634602
1.0,0.565414334584
1.0,0.692960672175
1.0,0.827903361639
1.0,0.969456288232
1.0,0.975001355394
1.0,0.975048079179
1.0,0.975094807442
1.0,0.975141540185
1.0,0.975188277407
1.0,0.975235019109
1.0,0.975281765293
1.0,0.975316445029
1.0,0.723493860474
1.0,-0.190364390613
1.0,-0.364445979083
1.0,-0.338297854497
1.0,-0.306607096426
1.0,-0.27397868114
1.0,-0.240065705461
1.0,-0.206390265022
1.0,-0.172831566551
1.0,-0.139578984662
1.0,-0.106145122696
1.0,-0.0720986010992
1.0,-0.0378999002645
1.0,-0.00425222693312
1.0,0.0334820780536
1.0,0.0632470514506
1.0,0.0657105183436
1.0,0.0657112078231
1.0,0.213494604126
1.0,0.337216429379
1.0,0.465263673607
1.0,0.598255667647
1.0,0.730916442516
1.0,0.839064712192
1.0,0.0520733564978
1.0,-0.129161864031
1.0,-0.0955175622186
1.0,-0.0614777063744
1.0,-0.0272888931589
1.0,0.00632053478553
1.0,0.0467564361573
1.0,0.0655926477027
1.0,0.0657213362423
1.0,0.242294427415
1.0,0.370650962999
1.0,0.500968027354
1.0,0.63539917215
1.0,0.772032697514
1.0,0.91657506989
1.0,0.97561709729
1.0,0.97566388011
1.0,0.975710667417
1.0,0.975732136908
1.0,0.447704034084
1.0,-0.137291447828
1.0,-0.241408127866
1.0,-0.207676334956
1.0,-0.174117568723
1.0,-0.140830382638
1.0,-0.107389424293
1.0,-0.0733434006109
1.0,-0.0391311698463
1.0,-0.00546895218109
1.0,0.0279125403119
1.0,0.0644382064808
1.0,0.0657428773637
1.0,0.0907859426602
1.0,0.211140870618
1.0,0.336658254288
1.0,0.465120637159
1.0,0.598540808224
1.0,0.731288507289
1.0,0.872380028535
1.0,0.975937836812
1.0,0.975984650398
1.0,0.976031468475
1.0,0.976078291045
1.0,0.976125118107
1.0,0.976126289687
1.0,0.0244204504723
1.0,-0.293286220392
1.0,-0.259992252565
1.0,-0.225650873048
1.0,-0.192344584428
1.0,-0.158751593037
1.0,-0.12546003778
1.0,-0.0917124093976
1.0,-0.0576063162943
1.0,-0.0234924330969
1.0,0.0101018049213
1.0,0.0490734613396
1.0,0.0657684814635
1.0,0.130718586844
1.0,0.236774644619
1.0,0.362616071929
1.0,0.490497581767
1.0,0.622236222067
1.0,0.755661981573
1.0,0.896920463573
1.0,0.976325137758
1.0,0.976371988508
1.0,0.976402352475
1.0,0.632753538682
1.0,-0.0869766925963
1.0,-0.221000924553
1.0,-0.187610496921
1.0,-0.154088059767
1.0,-0.120740378645
1.0,-0.0868902312009
1.0,-0.0527292981023
1.0,-0.0187306467306
1.0,0.0148082043662
1.0,0.0557026677382
1.0,0.0746831755678
1.0,0.169621739121
1.0,0.296689660435
1.0,0.423190831265
1.0,0.553346834641
1.0,0.685474971757
1.0,0.824151854975
1.0,0.969422460985
1.0,0.976612109669
1.0,0.255862437845
1.0,-0.122572668318
1.0,-0.15705763258
1.0,-0.12373038817
1.0,-0.0899289979139
1.0,-0.0557865463048
1.0,-0.0217015568869
1.0,0.0118879893035
1.0,0.05305021352
1.0,0.0657604075211
1.0,0.0658043365064
1.0,0.166951862917
1.0,0.268193914971
1.0,0.398668498182
1.0,0.530242983655
1.0,0.66481297752
1.0,0.805231129727
1.0,0.952531298081
1.0,0.976869694246
1.0,0.976916597275
1.0,0.976963504808
1.0,0.977010416846
1.0,0.97705733339
1.0,0.977106410008
1.04593800683,0.977157236572
1.08312274586,0.977209978296
1.12381599519,0.977256914009
1.0,0.97730385423
1.0,0.977299933329
1.0,-0.081628232067
1.0,-0.426740028197
1.0,-0.39428183993
1.0,-0.362671801586
1.0,-0.331062868217
1.0,-0.299256026701
1.0,-0.266182462919
1.0,-0.231956914114
1.0,-0.198485096364
1.0,-0.164799415306
1.0,-0.131531541068
1.0,-0.0978711236642
1.0,-0.0637672486675
1.0,-0.0294862883241
1.0,0.0042025508632
1.0,0.0427788398573
1.0,0.0657589103597
1.0,0.0658428978821
1.0,0.206885173911
1.0,0.339022208489
1.0,0.471775056449
1.0,0.610040784083
1.0,0.748458381685
1.0,0.895159691377
1.0,0.977415522112
1.0,0.977462477572
1.0,0.977509437543
1.0,0.977556402026
1.0,0.977603371023
1.0,0.977652409398
1.04395587068,0.977703022546
1.07737067482,0.977755369924
1.11416880439,0.977809620207
1.15454463988,0.977865952367
1.19871517082,0.977924557214
1.24693006503,0.977971561596
1.0,0.977974527614
1.0,0.0617072492505
1.0,-0.217775649078
1.0,-0.473907227499
1.0,-0.443143709209
1.0,-0.410955708898
1.0,-0.378803542997
1.0,-0.347276377696
1.0,-0.315552824748
1.0,-0.283243380548
1.0,-0.249505558203
1.0,-0.215448292607
1.0,-0.18192061176
1.0,-0.148446773932
1.0,-0.114995946642
1.0,-0.0809913649586
1.0,-0.0467381863744
1.0,-0.012847289727
1.0,0.0207281379831
1.0,0.0606367636018
1.0,0.0700317954836
1.0,0.193810123831
1.0,0.329061911869
1.0,0.463972584815
1.0,0.604150610542
1.0,0.745979880578
1.0,0.895086264414
1.0,0.978042669309
1.0,0.978089685046
1.0,0.978136705303
1.0,0.978139735021
1.0,0.0630218953526
1.0,-0.205934609548
1.0,-0.21108435112
1.0,-0.177482771099
1.0,-0.144068541534
1.0,-0.110568887985
1.0,-0.0764817080715
1.0,-0.042195399739
1.0,-0.00841335197589
1.0,0.026524768167
1.0,0.0627366147925
1.0,0.0659057980258
1.0,0.159862309916
1.0,0.283840521089
1.0,0.422057282183
1.0,0.56142192596
1.0,0.703803733247
1.0,0.850991349478
1.0,0.978337690402
1.0,0.978384734508
1.0,0.978431783139
1.0,0.978478836294
1.0,0.97852724938
1.0288016137,0.978577061909
1.0584342106,0.978628419959
1.09116116186,0.978681477004
1.12713801674,0.978736394917
1.16654139395,0.978783477376
1.0,0.978830564365
1.0,0.978818228268
1.0,-0.256421719339
1.0,-0.405731910425
1.0,-0.3737332275
1.0,-0.342141620997
1.0,-0.310353963348
1.0,-0.277739397229
1.0,-0.243789763738
1.0,-0.209900258166
1.0,-0.176259862123
1.0,-0.142845473756
1.0,-0.109314753637
1.0,-0.0751869462324
1.0,-0.0408744597184
1.0,-0.00710736929013
1.0,0.026443149041
1.0,0.0639846675719
1.0,0.0659459277055
1.0,0.173941096776
1.0,0.308129616287
1.0,0.445573294323
1.0,0.586080027039
1.0,0.729432542018
1.0,0.878275171231
1.0,0.97893948445
1.0,0.978986586451
1.0,0.979033692984
1.0,0.979080804051
1.0,0.979129545447
1.03450478033,0.979176665739
1.0,0.97917979456
1.0,0.0650141754662
1.0,-0.220264840022
1.0,-0.297994402805
1.0,-0.264768743969
1.0,-0.230420700477
1.0,-0.196943374171
1.0,-0.163194056381
1.0,-0.129839308794
1.0,-0.0960693969729
1.0,-0.0619010507355
1.0,-0.0275760916133
1.0,0.0061640480564
1.0,0.0456430776203
1.0,0.0659091282751
1.0,0.0659737385845
1.0,0.184947778881
1.0,0.321204422688
1.0,0.454054055555
1.0,0.591245042302
1.0,0.729779221506
1.0,0.874807801462
1.0,0.97935350096
1.0,0.979400642811
1.0,0.979447789201
1.0,0.97949494013
1.0,0.979542095599
1.0,0.979590775811
1.03223340043,0.97964095448
1.06389984125,0.979688124009
1.0,0.97969012714
1.0,0.0416014052032
1.0,-0.319301301794
1.0,-0.344771543575
1.0,-0.312970515382
1.0,-0.280441956069
1.0,-0.246536949699
1.0,-0.212533129338
1.0,-0.178896413278
1.0,-0.145413684212
1.0,-0.111872640472
1.0,-0.0777512908656
1.0,-0.0434178271388
1.0,-0.00955394268239
1.0,0.024057025832
1.0,0.0628354529942
1.0,0.0661414687056
1.0,0.0911636134796
1.0,0.225516471671
1.0,0.356663969427
1.0,0.490047669962
1.0,0.629488671435
1.0,0.768214360088
1.0,0.867439902543
1.0,-0.005821235848
1.0,-0.119153653691
1.0,-0.0851495080044
1.0,-0.0508543738766
1.0,-0.0167910843547
1.0,0.0168605578311
1.0,0.0577640588043
1.0,0.0660087935693
1.0,0.0660166671324
1.0,0.0863378335365
1.0,0.218033014742
1.0,0.349635338014
1.0,0.484212923443
1.0,0.625431104836
1.0,0.766421975259
1.0,0.917034302086
1.0,0.980009589015
1.0,0.980056794051
1.0,0.980104003635
1.0,0.980151217768
1.0,0.980200075641
1.03471316383,0.980250448399
1.06668744196,0.980302486781
1.10184336972,0.980356349368
1.14034528746,0.980412203901
1.18238520187,0.980470227403
1.22815745866,0.980530606617
1.2778654264,0.98057786186
1.0,0.980625121659
1.0,0.980619900951
1.0,-0.10832011564
1.0,-0.48996110048
1.0,-0.459428437637
1.0,-0.427950326436
1.0,-0.395382385281
1.0,-0.363673618788
1.0,-0.331957834229
1.0,-0.300042545087
1.0,-0.266848119948
1.0,-0.232501171668
1.0,-0.198924708052
1.0,-0.165126780593
1.0,-0.131744781942
1.0,-0.0979666066809
1.0,-0.0637516948286
1.0,-0.0293556790327
1.0,0.00444415981814
1.0,0.043439949458
1.0,0.06597115491
1.0,0.0660633072333
1.0,0.156750839289
1.0,0.294624810198
1.0,0.43192465382
1.0,0.571130146622
1.0,0.713401999682
1.0,0.860771960892
1.0,0.980678456366
1.0,0.980725725862
1.0,0.980772999915
1.0,0.980816027296
1.0,0.892623124028
1.0,-0.0707133808106
1.0,-0.235868217603
1.0,-0.202177889731
1.0,-0.168363230928
1.0,-0.134993285616
1.0,-0.101286319964
1.0,-0.0670144790612
1.0,-0.0326104489649
1.0,0.00122086747484
1.0,0.0358495094011
1.0,0.0660667039579
1.0,0.0660857447148
1.0,0.066086358898
1.0,0.189099025294
1.0,0.277347965518
1.0,0.416704186587
1.0,0.557934516837
1.0,0.702670618184
1.0,0.851536648561
1.0,0.981017514528
1.0,0.981064816716
1.0,0.981112123466
1.0,0.981159434778
1.0,0.981208840977
1.04417584947,0.981259721695
1.07522917346,0.981311251029
1.08882230946,0.981358581549
1.0,0.981358386198
1.0,-0.00405016480318
1.0,-0.35617118017
1.0,-0.324379081924
1.0,-0.292348127507
1.0,-0.25875603178
1.0,-0.224286370065
1.0,-0.190762103111
1.0,-0.15703437157
1.0,-0.1235403245
1.0,-0.0895619806826
1.0,-0.0552488464811
1.0,-0.0210215177094
1.0,0.012718241516
1.0,0.0532637049748
1.0,0.0661133402446
1.0,0.0661188722476
1.0,0.066119634393
1.0,0.234538224787
1.0,0.374387047242
1.0,0.516364747929
1.0,0.666862448594
1.0,0.816511803856
1.0,0.976587608304
1.0,0.981537787358
1.0,0.981585139733
1.0,0.981634522255
1.04277042284,0.981685185413
1.06970352816,0.981737264761
1.09948992124,0.981790902196
1.13226207476,0.981846246626
1.16816627928,0.981899586614
1.12573346643,0.981946973904
1.0,0.981946142696
1.0,-0.0172229651882
1.0,-0.3435217019
1.0,-0.370729460229
1.0,-0.339010689373
1.0,-0.307093789652
1.0,-0.274166381344
1.0,-0.239972951342
1.0,-0.206124361609
1.0,-0.172315325415
1.0,-0.138861963887
1.0,-0.105187949843
1.0,-0.0708870707061
1.0,-0.036452522522
1.0,-0.00257567018577
1.0,0.0355988941153
1.0,0.0648398846192
1.0,0.120133913978
1.0,0.271487199159
1.0,0.416346957902
1.0,0.560127650087
1.0,0.709525051767
1.0,0.860323303211
1.0,0.982061748953
1.0,0.982103317223
1.0,0.861222262884
1.0,-0.0530551388799
1.0,-0.1709581665
1.0,-0.137516316343
1.0,-0.103822865574
1.0,-0.0694944955357
1.0,-0.0350488235423
1.0,-0.001164322401
1.0,0.0375653194046
1.0,0.0646580343163
1.0,0.0661741050395
1.0,0.12455049587
1.0,0.276808654209
1.0,0.421142489373
1.0,0.565191730642
1.0,0.713896502437
1.0,0.864690183016
1.0,0.982321901602
1.0,0.982369329665
1.0,0.982416762308
1.0,0.982465762645
1.03294954766,0.982515979459
1.05848653987,0.982567541711
1.08673355255,0.982620583061
1.11778822192,0.982675243274
1.15177773653,0.982731668156
1.1888277284,0.982779135796
1.0,0.982826608023
1.0,0.982816114859
1.0,-0.217227182321
1.0,-0.403355967292
1.0,-0.376646338973
1.0,-0.344934000431
1.0,-0.313026557032
1.0,-0.28034815042
1.0,-0.246305439661
1.0,-0.21222726167
1.0,-0.178470097134
1.0,-0.14489642396
1.0,-0.111241060787
1.0,-0.0769963900787
1.0,-0.0425496077173
1.0,-0.00860488191546
1.0,0.0251017336227
1.0,0.0635621635828
1.0,0.0673984023713
1.0,0.193515831666
1.0,0.327955552375
1.0,0.461157413133
1.0,0.599132043059
1.0,0.738256457411
1.0,0.884407099472
1.0,0.982896037154
1.0,0.050987603028
1.0,-0.130863034453
1.0,-0.122047933804
1.0,-0.0879811895035
1.0,-0.053596419635
1.0,-0.0193575049825
1.0,0.0144130296382
1.0,0.0548355361513
1.0,0.0662279224781
1.0,0.124367967577
1.0,0.238538538381
1.0,0.371069795932
1.0,0.504572592417
1.0,0.643741739128
1.0,0.783187739623
1.0,0.93166773853
1.0,0.983151364996
1.0,0.98319887319
1.0,0.983246385976
1.0,0.983293903355
1.0,0.983341425326
1.0,0.98339144995
1.05255863588,0.983443165839
1.08803166013,0.983496736383
1.12693042623,0.983544277963
1.0,0.983581221436
1.0,0.764252914109
1.0,0.00294248341467
1.0,-0.28529271131
1.0,-0.384244821904
1.0,-0.352560831133
1.0,-0.320669279506
1.0,-0.288341755731
1.0,-0.254520160038
1.0,-0.220142831718
1.0,-0.186472095334
1.0,-0.152747912004
1.0,-0.119134584863
1.0,-0.084993203012
1.0,-0.0505646785117
1.0,-0.0163849578482
1.0,0.0178855672825
1.0,0.0576407260451
1.0,0.0662666068272
1.0,0.119716623441
1.0,0.259039134026
1.0,0.396298730962
1.0,0.534029492847
1.0,0.676405664057
1.0,0.820710053037
1.0,0.972930765175
1.0,0.745982749346
1.0,-0.0556044899935
1.0,-0.140636145839
1.0,-0.106911130366
1.0,-0.0725670509188
1.0,-0.0380715857826
1.0,-0.00413203999788
1.0,0.0294834218084
1.0,0.0660864896885
1.0,0.0869712130143
1.0,0.24312378262
1.0,0.378825560909
1.0,0.514661814688
1.0,0.656374523744
1.0,0.797795552033
1.0,0.94785650215
1.0,0.983988620093
1.0,0.984047982621
1.0,0.984107352312
1.0,0.984166729168
1.0,0.984226113189
1.0,0.984285504376
1.0,0.984326209128
1.0,0.674549066988
1.0,-0.166801754246
1.0,-0.325986340444
1.0,-0.29389026908
1.0,-0.260218200922
1.0,-0.225619671403
1.0,-0.192004249342
1.0,-0.158163578691
1.0,-0.124574487188
1.0,-0.0905069000005
1.0,-0.0560966565253
1.0,-0.0217488206802
1.0,0.0121015194536
1.0,0.0532130498065
1.0,0.0662937211929
1.0,0.0663184996583
1.0,0.170634430995
1.0,0.30136414554
1.0,0.435621878879
1.0,0.572754727945
1.0,0.712668017635
1.0,0.858422915967
1.0,0.984525519
1.0,0.984584946328
1.0,0.984644380831
1.0,0.984662460899
1.0,0.299507933837
1.0,-0.235581057213
1.0,-0.201796068233
1.0,-0.167850516992
1.0,-0.134347613673
1.0,-0.100471111504
1.0,-0.0660816004718
1.0,-0.031541019435
1.0,0.00241640140157
1.0,0.0422867175309
1.0,0.0660999131617
1.0,0.0663451288416
1.0,0.190611748941
1.0,0.327239578238
1.0,0.461500971154
1.0,0.600929481721
1.0,0.741992385621
1.0,0.890376207924
1.0,0.984929414456
1.0,0.984988890555
1.0,0.985048373838
1.0,0.985107864306
1.0,0.985167361959
1.0,0.9852268668
1.0,0.985281237132
1.0,0.90015134792
1.0,-0.156337879086
1.0,-0.314380160847
1.0,-0.287098056185
1.0,-0.253159398332
1.0,-0.218783658485
1.0,-0.185027664229
1.0,-0.151272390764
1.0,-0.117584336665
1.0,-0.0833521930257
1.0,-0.0488511307396
1.0,-0.0146584162915
1.0,0.0191774901805
1.0,0.0596006063686
1.0,0.0663825515744
1.0,0.0663831441568
1.0,0.145611474936
1.0,0.258969097374
1.0,0.396430668705
1.0,0.53445147622
1.0,0.677255834561
1.0,0.822054833352
1.0,0.974952559717
1.0,0.985484364641
1.0,0.186558461302
1.0,-0.169084834063
1.0,-0.135555169965
1.0,-0.101684166531
1.0,-0.0672497053925
1.0,-0.032681121897
1.0,0.00131144579009
1.0,0.0361798112302
1.0,0.0663826671392
1.0,0.0664020397118
1.0,0.142442415318
1.0,0.253220026941
1.0,0.391346874422
1.0,0.529876635787
1.0,0.674261279385
1.0,0.819808653248
1.0,0.974161194554
1.0,0.985811899157
1.0,0.985871481887
1.0,0.985931071819
1.0,0.985990668956
1.0,0.986053638838
1.05646106726,0.986118597795
1.08969086793,0.986185748361
1.12630437406,0.986245376292
1.0,0.986291864846
1.0,0.768855787834
1.0,-0.380385934243
1.0,-0.358891177626
1.0,-0.326945140433
1.0,-0.294796026191
1.0,-0.261075297913
1.0,-0.226396488954
1.0,-0.19272011448
1.0,-0.158807597785
1.0,-0.125156115431
1.0,-0.0910280796752
1.0,-0.0565535571796
1.0,-0.0221294541845
1.0,0.0117918208857
1.0,0.0533130513062
1.0,0.0664037411202
1.0,0.0664483222965
1.0,0.108611123204
1.0,0.243997527537
1.0,0.388223835219
1.0,0.53095027772
1.0,0.682384608985
1.0,0.832935315985
1.0,0.912218288551
1.0,0.025498311102
1.0,-0.124725684437
1.0,-0.09058131999
1.0,-0.0560947709929
1.0,-0.0216751008589
1.0,0.0122475481706
1.0,0.0523374126514
1.0,0.0664626650915
1.0,0.0664634142289
1.0,0.183859132471
1.0,0.283539358528
1.0,0.432158378668
1.0,0.580972334715
1.0,0.735530802012
1.0,0.892824831057
1.0,0.986679769018
1.0,0.98674109319
1.0274157474,0.986803870306
1.05162587153,0.986868267757
1.0786302846,0.986934460636
1.10855625635,0.987002632706
1.14154705087,0.987062359463
1.0,0.98710810056
1.0,0.755876054132
1.0,-0.201324498534
1.0,-0.325317662364
1.0,-0.293048569922
1.0,-0.259225654946
1.0,-0.22459089264
1.0,-0.19085450304
1.0,-0.156946802604
1.0,-0.12324660581
1.0,-0.089050393341
1.0,-0.0545276096514
1.0,-0.0201271502257
1.0,0.0137951200199
1.0,0.054277109549
1.0,0.0665051747453
1.0,0.0718240491097
1.0,0.223794232402
1.0,0.371303627764
1.0,0.520944009653
1.0,0.677519101717
1.0,0.836089834851
1.0,0.987281919402
1.0,0.98731045309
1.0,0.471419651127
1.0,-0.112921109629
1.0,-0.133322526505
1.0,-0.0993225488125
1.0,-0.0648591293005
1.0,-0.0302231446593
1.0,0.00381782138652
1.0,0.0443971361175
1.0,0.066307274915
1.0,0.0665250982604
1.0,0.0701114277082
1.0,0.214232087953
1.0,0.362442879355
1.0,0.511603234625
1.0,0.666824998863
1.0,0.824130529253
1.0,0.987575960679
1.0215690205,0.987638050007
1.03834720991,0.987701292299
1.05749453101,0.987765833908
1.07908120683,0.987831825517
1.10317818433,0.987899421555
1.12984653606,0.987968784441
1.15921811492,0.988040086189
1.19145145833,0.988113506795
1.22667786602,0.988175225779
1.03103148204,0.98823509454
1.0,0.988229276225
1.0,-0.0960328844882
1.0,-0.409196252707
1.0,-0.376902505631
1.0,-0.345003168927
1.0,-0.312907442673
1.0,-0.279957742723
1.0,-0.245668215692
1.0,-0.211468421592
1.0,-0.177498840331
1.0,-0.143771392142
1.0,-0.109915374646
1.0,-0.0754539067096
1.0,-0.0408111148299
1.0,-0.006724581458
1.0,0.0271330651116
1.0,0.0648009167797
1.0,0.0665779724593
1.0,0.173634551878
1.0,0.313296924294
1.0,0.454355106922
1.0,0.597635966241
1.0,0.743542002915
1.0,0.893997183882
1.0,0.988385358929
1.0,0.988445253155
1.0,0.988505154641
1.0,0.988565063388
1.0,0.988627339811
1.03939290433,0.988691301261
1.06737969186,0.988757132479
1.09843789412,0.988825028314
1.13273420938,0.98889519404
1.17044029868,0.988967845922
1.21173708231,0.989043212787
1.25683124732,0.989120354812
1.28623579172,0.989180338153
1.0,0.989240328769
1.0,0.989222086746
1.0,-0.300782161841
1.0,-0.490782011312
1.0,-0.459894920233
1.0,-0.427947256456
1.0,-0.39508435498
1.0,-0.363209056402
1.0,-0.331191437023
1.0,-0.298971346971
1.0,-0.265316687606
1.0,-0.230561446179
1.0,-0.196795637214
1.0,-0.162724415088
1.0,-0.129010731774
1.0,-0.0948546909197
1.0,-0.0603169433063
1.0,-0.0257015912701
1.0,0.00835866099762
1.0,0.0491544451476
1.0,0.0665917496092
1.0,0.0737311929289
1.0,0.212545889403
1.0,0.350589774749
1.0,0.490453218946
1.0,0.636968653288
1.0,0.78479548843
1.0,0.941732126527
1.0,0.989322807884
1.0,0.989382815783
1.0,0.989442830963
1.0,0.98950557417
1.04532594713,0.989570180823
1.0762331334,0.989636842998
1.11032721478,0.989705762695
1.1477713169,0.989777149612
1.18869124665,0.989851220921
1.23320886725,0.989928207143
1.28154348081,0.989999936379
1.19385422346,0.990060026451
1.0,0.990053130716
1.0,-0.113606163638
1.0,-0.417764998051
1.0,-0.439137040576
1.0,-0.406270385278
1.0,-0.374035224166
1.0,-0.342056699966
1.0,-0.309879384684
1.0,-0.276694733216
1.0,-0.24223010179
1.0,-0.20809492847
1.0,-0.174013440258
1.0,-0.140282065813
1.0,-0.106334983859
1.0,-0.0717580907274
1.0,-0.0370428967849
1.0,-0.00288943965939
1.0,0.0310137884639
1.0,0.0665444345149
1.0,0.0666971081578
1.0,0.0666975400808
1.0,0.105633192753
1.0,0.266903744897
1.0,0.414508149001
1.0,0.560206315519
1.0,0.713211895624
1.0,0.86654731694
1.0,0.99014960448
1.0,0.990209712723
1.0,0.990269828265
1.0,0.990272024591
1.0,0.0361769946879
1.0,-0.175201554825
1.0,-0.190293196204
1.0,-0.156294272828
1.0,-0.122472708301
1.0,-0.0881420859249
1.0,-0.0534960289315
1.0,-0.0190142540935
1.0,0.0150011793349
1.0,0.0557852146315
1.0,0.0667230171034
1.0,0.0789075121904
1.0,0.227377745389
1.0,0.369701044334
1.0,0.514441781978
1.0,0.666593421505
1.0,0.819291431949
1.0,0.981235253297
1.0,0.990573854221
1.0,0.990635690933
1.02787314582,0.990699001029
1.05223133964,0.990763961237
1.07951690185,0.990830756153
1.10985869796,0.990899579554
1.14340733108,0.990970636008
1.1803398164,0.991044142166
1.22085448571,0.991120327242
1.26515717954,0.991199434535
1.3134787798,0.991281723796
1.36608894457,0.991341969576
1.0,0.991402222679
1.0,0.991388363486
1.0,-0.228018043272
1.0,-0.481107694729
1.0,-0.44992599323
1.0,-0.417330433769
1.0,-0.384711756609
1.0,-0.352757409359
1.0,-0.320601251924
1.0,-0.287885716102
1.0,-0.253709549631
1.0,-0.219159098974
1.0,-0.185183777169
1.0,-0.151239104447
1.0,-0.117337385455
1.0,-0.0828806275164
1.0,-0.0481635154289
1.0,-0.0137887316012
1.0,0.0202495376897
1.0,0.060881751614
1.0,0.0667851658416
1.0,0.0667873066192
1.0,0.294031714977
1.0,0.45279489497
1.0,0.608399691027
1.01544315545,0.768253174771
1.02871902813,0.920730536417
1.04430581749,0.991486805304
1.06226104335,0.991547076015
1.0,0.991548684634
1.0,0.0264624257269
1.0,-0.158131118422
1.0,-0.159668846477
1.0,-0.125834336408
1.0,-0.0915203775509
1.0,-0.0568580807549
1.0,-0.0222465996461
1.0,0.0118593042862
1.0,0.0534255720354
1.0,0.0779932071031
1.0,0.170436518907
1.0,0.325428616902
1.0,0.479436639575
1.0,0.63600960647
1.0,0.796518959254
1.0205479277,0.953438042005
1.03392820098,0.991851219361
1.04965194247,0.991915622026
1.06776711473,0.991981274125
1.08833944045,0.992048329122
1.11144713278,0.992116945257
1.13716769588,0.992187285692
1.16558107301,0.992252177694
1.07515089381,0.99230821962
1.0,0.921257320446
1.0,-0.150281171002
1.0,-0.339751457998
1.0,-0.307477236792
1.0,-0.274063832384
1.0,-0.2394200005
1.0,-0.205311250005
1.0,-0.17110600863
1.0,-0.137342939249
1.0,-0.103270298183
1.0,-0.0685881354564
1.0,-0.0337851835489
1.0,0.000443627868751
1.0,0.0402656901659
1.0,0.0655485721956
1.0,0.0668553049098
1.0,0.0714211782065
1.0,0.21114673871
1.0,0.354198290052
1.0,0.497968448211
1.0,0.64737771497
1.0,0.798238886962
1.0,0.956107437649
1.0,0.992474295251
1.0,0.0583858327859
1.0,-0.120057780571
1.0,-0.123468247858
1.0,-0.0890737873765
1.0,-0.0543562577607
1.0,-0.0197777213661
1.0,0.01469202325
1.0,0.0548524239698
1.0,0.0668729813728
1.0,0.0668739174927
1.0,0.228341343271
1.0,0.367795733339
1.0,0.508152126712
1.0,0.655262390376
1.0,0.801545066417
1.0,0.956809327163
1.0,0.992796807112
1.0,0.992857237198
1.0,0.992917674641
1.0,0.992979903903
1.0295202855,0.993043796638
1.05690652842,0.993109545172
1.08746296938,0.993177354326
1.12139423786,0.993247439278
1.15886936361,0.993320028323
1.20010266671,0.993387663115
1.11803696963,0.993448165154
1.0,0.993450595176
1.0,0.0398976555259
1.0,-0.433627341986
1.0,-0.431288679152
1.0,-0.398287679688
1.0,-0.366229798991
1.0,-0.334084112454
1.0,-0.301735478464
1.0,-0.268003001948
1.0,-0.233140970479
1.0,-0.199197935698
1.0,-0.164961424253
1.0,-0.131118769363
1.0,-0.0968484396373
1.0,-0.0621793461848
1.0,-0.0273742302017
1.0,0.00684795704032
1.0,0.0451589284892
1.0,0.0669247095277
1.0,0.0669270473253
1.0,0.203399637722
1.0,0.353692032853
1.0,0.502567924922
1.0,0.658328289002
1.0,0.817473895523
1.0,0.984528897012
1.01647339874,0.993590615533
1.03824034636,0.993654934159
1.06264363844,0.993720903599
1.08977474448,0.993788696548
1.11974727648,0.993858494646
1.15270703897,0.993930487921
1.18879049418,0.994004874152
1.22812336071,0.994081862108
1.27088451198,0.994161672269
1.31726449001,0.994235163947
1.21279106097,0.994295769267
1.0,0.994293887172
1.0,-0.0308751765417
1.0,-0.389823143031
1.0,-0.420835085334
1.0,-0.388043287964
1.0,-0.356011696483
1.0,-0.32377087457
1.0,-0.291072711668
1.0,-0.256870776074
1.0,-0.222135002838
1.0,-0.188093636901
1.0,-0.154010258961
1.0,-0.120029282531
1.0,-0.0855110735004
1.0,-0.0507072011576
1.0,-0.0161680199191
1.0,0.0179767828309
1.0,0.058935894037
1.0,0.066984322904
1.0,0.173457663108
1.0,0.329225156907
1.0,0.484642984589
1.00843676514,0.643013948023
1.01829154961,0.799076329969
1.03042714245,0.952691723001
1.0,0.994413406366
1.0,0.654658233603
1.0,-0.0834907522148
1.0,-0.134987610311
1.0,-0.100758675733
1.0,-0.0660371674129
1.0,-0.0311527600855
1.0,0.00313781853418
1.0,0.0430256249181
1.0,0.0668270064066
1.0,0.0670042693628
1.0,0.186498180897
1.0,0.314222167799
1.0,0.466755989131
1.0,0.620472460296
1.0,0.77748045201
1.0,0.936341020062
1.0,0.994722911718
1.0217591206,0.99478582755
1.03710372361,0.994849829995
1.05488084297,0.994915071103
1.07515666242,0.994981707575
1.09800635036,0.995049901043
1.12350958665,0.995119819158
1.15176383689,0.995191635582
1.18286626119,0.995265532374
1.21695317937,0.995326263379
1.0,0.995387001796
1.0,0.995377966269
1.0,-0.148062290875
1.0,-0.414194612465
1.0,-0.392950279708
1.0,-0.360919212291
1.0,-0.328671025252
1.0,-0.296166998872
1.0,-0.262085111081
1.0,-0.227137286584
1.0,-0.193130568543
1.0,-0.158929563858
1.0,-0.124955852021
1.0,-0.0904880808462
1.0,-0.0556842870116
1.0,-0.0209795442687
1.0,0.0132346442624
1.0,0.0544345871578
1.0,0.0792736920044
1.0,0.217542421636
1.0,0.351501743287
1.0,0.487029631851
1.0,0.628075825367
1.0,0.768523245834
1.0,0.917217652616
1.0,0.99553549051
1.0,0.995596254465
1.0,0.995657025839
1.0,0.995717804633
1.0,0.995778590847
1.0,0.995841487801
1.03459548565,0.995906296924
1.06591215511,0.995973213556
1.1004286684,0.996034030959
1.0,0.996094822343
1.0,0.995536495749
1.0,-0.173847561523
1.0,-0.408170064981
1.0,-0.375756086557
1.0,-0.343577382019
1.0,-0.311198487478
1.0,-0.277782027995
1.0,-0.24308661778
1.0,-0.208762305809
1.0,-0.174463239283
1.0,-0.140533717616
1.0,-0.106373486315
1.0,-0.0715756049653
1.0,-0.0366458901402
1.0,-0.00228290495144
1.0,0.034138144094
1.0,0.066845407362
1.0,0.0671074706746
1.0,0.202861109643
1.0,0.332476956336
1.0,0.463255139401
1.0,0.598886000839
1.0,0.734741456778
1.0,0.8785990573
1.0,0.893178098318
1.0,-0.0109169472162
1.0,-0.144898729022
1.0,-0.110764993094
1.0,-0.0760205147182
1.0,-0.041093805418
1.0,-0.00672785595679
1.0,0.0274046979757
1.0,0.065937246691
1.0,0.110840607203
1.0,0.228344690793
1.0,0.356318698384
1.0,0.487079398638
1.0,0.622732026069
1.0,0.757695636736
1.0,0.901541042192
1.0,0.996495370415
1.0,0.996556251606
1.0,0.996617140237
1.0,0.996678036308
1.0,0.996738939822
1.0,0.99679985078
1.0,0.99686305462
1.03751399069,0.99692852828
1.07463519783,0.996996507816
1.11561539114,0.99706466652
1.11840299728,0.997125617296
1.0,0.997123651169
1.0,-0.0321622327448
1.0,-0.359287868521
1.0,-0.436930268896
1.0,-0.403816401523
1.0,-0.371516935336
1.0,-0.339277374108
1.0,-0.306835418756
1.0,-0.273163170468
1.0,-0.238290270636
1.0,-0.204090254132
1.0,-0.169720472713
1.0,-0.13579678493
1.0,-0.101491377936
1.0,-0.0666752458238
1.0,-0.0317026072438
1.0,0.00267799281669
1.0,0.0403261484961
1.0,0.092349439796
1.0,0.199678859568
1.0,0.340761891086
1.0,0.484125844443
1.0,0.634048104622
1.0,0.787145062238
1.0,0.94852824222
1.0,0.997251121305
1.0,0.99731209488
1.0,0.997375671308
1.04255801396,0.997441090096
1.07263120364,0.997508541431
1.10581031682,0.997578224357
1.14223839061,0.997650349665
1.18210573391,0.9977251402
1.22560727023,0.99779241126
1.1022271947,0.997853451045
1.0,0.997850638746
1.0,-0.0459703823888
1.0,-0.402385824847
1.0,-0.389362134625
1.0,-0.357214060672
1.0,-0.324857178967
1.0,-0.292037081126
1.0,-0.257709543497
1.0,-0.222851277992
1.0,-0.188686034549
1.0,-0.154481042348
1.0,-0.120377163334
1.0,-0.0857332877061
1.0,-0.0508032599406
1.0,-0.0161419221771
1.0,0.0181258479951
1.0,0.0594818113882
1.0,0.0702896186671
1.0,0.12861201808
1.0,0.282413037223
1.0,0.440076758904
1.0,0.593525404344
1.0,0.756086274434
1.01494248661,0.916361683471
1.02944317889,0.99799997683
1.0,0.997999499023
1.0,-0.00780930095343
1.0,-0.142984224721
1.0,-0.118977834079
1.0,-0.084298300093
1.0,-0.049348147237
1.0,-0.0147146378461
1.0,0.0210160949595
1.0,0.0596442852153
1.0,0.0672453040536
1.0,0.0672455812782
1.0,0.0672465071838
1.0,0.224597965024
1.0,0.334010474509
1.0,0.486852086133
1.0,0.643115897947
1.0,0.80296541173
1.0,0.966656402293
1.02294840925,0.998329236552
1.03901175656,0.998393852649
1.0574479508,0.998459753143
1.07832622164,0.998527092412
1.10172180872,0.998596028801
1.12769798608,0.998666726739
1.15635263857,0.998739356971
1.18778721745,0.998800512673
1.0,0.998796898805
1.0,-0.059017271289
1.0,-0.316126089715
1.0,-0.331256533396
1.0,-0.298699590005
1.0,-0.264563525982
1.0,-0.229437970976
1.0,-0.195336630565
1.0,-0.160990109422
1.0,-0.126912545331
1.0,-0.0923544704253
1.0,-0.0574436006682
1.0,-0.0225777869845
1.0,0.0117765408387
1.0,0.0521704888608
1.0,0.0672920109268
1.0,0.0672927176191
1.0,0.171304274685
1.0,0.276122177638
1.0,0.42082324792
1.0,0.563976458479
1.0,0.711382595812
1.0,0.859837863995
1.0,0.998986976359
1.0,0.999048162391
1.0,0.999109355918
1.0,0.999170556943
1.0,0.999231765465
1.0,0.999296155721
1.05184963664,0.999362332218
1.0808876259,0.999430487115
1.11305201835,0.999500820477
1.14846982314,0.999567471478
1.08819159942,0.999620140092
1.0,0.859468706316
1.0,-0.137941320742
1.0,-0.410071438103
1.0,-0.393090806097
1.0,-0.360910723325
1.0,-0.328515391479
1.0,-0.295793773441
1.0,-0.261512010721
1.0,-0.226475652207
1.0,-0.192299313311
1.0,-0.157980217141
1.0,-0.123846288853
1.0,-0.0892005734793
1.0,-0.0542345628578
1.0,-0.0194257034923
1.0,0.0149097633076
1.0,0.0567354332613
1.0,0.0673320905264
1.0,0.0673444290904
1.0,0.210061545062
1.0,0.293734753923
1.0,0.430993212289
1.0,0.570029614109
1.0,0.71216391487
1.0,0.85971901655
1.0,0.999756862242
1.0,0.999818142621
1.0,0.999854441318
1.0,0.592188094627
1.0,-0.161968797906
1.0,-0.191448722184
1.0,-0.157132157093
1.0,-0.122976873604
1.0,-0.0883012254072
1.0,-0.0533146283998
1.0,-0.0185170599096
1.0,0.0158217720679
1.0,0.0570564016146
1.0,0.0673686758503
1.0,0.0673693420086
1.0,0.161295203215
1.0,0.304125595859
1.0,0.442218690313
1.0,0.583101955979
1.0,0.727269525864
1.0,0.877266560224
1.0,1.00013087958
1.0,1.00019220583
1.0,1.00025353959
1.0,1.00031488087
1.0,1.00037622968
1.0,1.00044076471
1.05180374516,1.00050735077
1.08508973366,1.00057618802
1.12162329816,1.0006474873
1.16157646845,1.00072147133
1.20514042724,1.00079837451
1.25250199067,1.00087844572
1.30389453305,1.00096194864
1.35955471642,1.00104916295
1.41973974168,1.00114038476
1.48471206877,1.00123592951
1.5547816223,1.0013361324
1.6302638472,1.00144134945
1.71149130978,1.00155195896
1.79881876951,1.0016416523
1.45837201868,1.00170316397
1.0,1.00176468318
1.0,1.00174482979
1.0,-0.323254781265
1.0,-0.673953585521
1.0,-0.664013732779
1.0,-0.634860307769
1.0,-0.605673210487
1.0,-0.578686400863
1.0,-0.547805796821
1.0,-0.520651338027
1.0,-0.490031042458
1.0,-0.458598616027
1.0,-0.425883443032
1.0,-0.392787256308
1.0,-0.360540183622
1.0,-0.328079901416
1.0,-0.295246554196
1.0,-0.260866993332
1.0,-0.225806020019
1.0,-0.19155106133
1.0,-0.15718764057
1.0,-0.122981747011
1.0,-0.0882530727731
1.0,-0.0532144331759
1.0,-0.0183712531595
1.0,0.0160175826958
1.0,0.057319375464
1.0,0.0674658427387
1.0,0.0674661217847
1.0,0.0674669693487
1.0,0.204922566987
1.0,0.340087607706
1.0,0.474976240062
1.0,0.615100677797
1.0,0.755735135016
1.0,0.904407632869
1.0,1.00158998234
1.0,1.00163161358
1.0,0.677986620476
1.0,-0.0819208066254
1.0,-0.185121092285
1.0,-0.150850949025
1.0,-0.1165751418
1.0,-0.0817223848643
1.0,-0.0466283301057
1.0,-0.0119449722753
